id,first_name,last_name,email,gender,country,city,lon,lat
1,Rozelle,Paschke,rpaschke0@mayoclinic.com,Female,Ireland,Athlone,-7.9428197,53.4231032
2,Elysia,Brunke,ebrunke1@nba.com,Female,Ireland,Muff,-7.269174,55.0650892
3,Kore,Hearnaman,khearnaman2@tripadvisor.com,Female,Ireland,Kilcullen,-8.5047067,51.8830697
4,Hube,Glavis,hglavis3@si.edu,Male,Ireland,Clonskeagh,-6.2387374,53.3141205
5,Kelsey,Frome,kfrome4@noaa.gov,Male,Ireland,Castlerea,-8.6346959,53.7423435
6,Franzen,Kenchington,fkenchington5@google.co.jp,Male,Ireland,Newmarket on Fergus,-8.8950821,52.7604883
7,Vivi,Paoli,vpaoli6@cdc.gov,Genderqueer,Ireland,Kinsale,-6.251714,53.3169419
8,Tildy,Coatts,tcoatts7@techcrunch.com,Bigender,Ireland,Castleblayney,-6.64937,54.10269
9,Oralee,Huband,ohuband8@nsw.gov.au,Female,Ireland,Gweedore,-9.0288689,53.2737147
10,Ingaberg,Thwaites,ithwaites9@google.es,Female,Ireland,Crossmolina,-6.473025,54.0086093
11,Farris,Nast,fnasta@nydailynews.com,Male,Ireland,Macroom,-8.958931,51.904635
12,Merrielle,Peeter,mpeeterb@ovh.net,Female,Ireland,Cluain Meala,-6.2611953,53.3881832
13,Aguste,Gounot,agounotc@hc360.com,Male,Ireland,Shankill,-6.124065,53.231395
14,Rhianon,McEllen,rmcellend@php.net,Female,Ireland,Edgeworthstown,-7.606287,53.6972399
15,Adler,Morratt,amorratte@wufoo.com,Male,Ireland,Portarlington,-7.185387,53.158984
16,Early,Wyley,ewyleyf@ucla.edu,Male,Ireland,Mallow,-8.642661,52.1361219
17,Leoline,Eastby,leastbyg@nhs.uk,Female,Ireland,Ballymahon,-7.7655701,53.5650926
18,Norma,Ryley,nryleyh@samsung.com,Female,Ireland,Leixlip,-6.4887534,53.3653866
19,Batsheva,Duxfield,bduxfieldi@senate.gov,Female,Ireland,Stradbally,-8.5054897,52.7107501
20,Adrian,Yaus,ayausj@dedecms.com,Female,Ireland,Kingscourt,-6.2755912,53.3500473
21,Brose,Grzes,bgrzesk@tinypic.com,Male,Ireland,Rathwire,-7.145971,53.508326
22,Tomasine,Spores,tsporesl@hibu.com,Female,Ireland,Castlemartyr,-8.05,51.9166667
23,Pat,McCall,pmccallm@scientificamerican.com,Female,Ireland,Watergrasshill,-8.337871,52.0097259
24,Nikita,Bunny,nbunnyn@zimbio.com,Male,Ireland,Fairview,-6.4202878,54.0026343
25,Wiley,Anstice,wansticeo@aol.com,Male,Ireland,Donegal,-8.5946591,54.632283
26,Katey,Di Antonio,kdiantoniop@theguardian.com,Female,Ireland,Enniskerry,-8.9821467,52.8498651
27,Staci,Deveril,sdeverilq@businessinsider.com,Female,Ireland,Dungloe,-6.3695384,53.3734053
28,Clair,Blincow,cblincowr@wufoo.com,Male,Ireland,Donegal,-8.5946591,54.632283
29,Reginauld,Estoile,restoiles@yandex.ru,Male,Ireland,Clifden,-10.022186,53.488087
30,Harriott,Dorant,hdorantt@nationalgeographic.com,Agender,Ireland,Valleymount,-6.3077823,53.3655256
31,Malinde,Wadsworth,mwadsworthu@omniture.com,Female,Ireland,Sallins,-6.6633404,53.2492381
32,Edin,Wilshire,ewilshirev@mtv.com,Female,Ireland,Greystones,-6.0704904,53.1286984
33,Mildrid,Bricksey,mbrickseyw@drupal.org,Female,Ireland,Dungarvan,-6.1822287,53.3788495
34,Stanton,Tithacott,stithacottx@ameblo.jp,Male,Ireland,Carrigaline,-8.3929404,51.8113447
35,Joey,Lennarde,jlennardey@fastcompany.com,Agender,Ireland,Daingean,-7.1297243,52.2509369
36,Milissent,Anney,manneyz@nymag.com,Female,Ireland,Navan,-6.313755,53.366736
37,Collin,Dallas,cdallas10@360.cn,Male,Ireland,Moville,-8.4242597,51.8910459
38,Keslie,Daldan,kdaldan11@cyberchimps.com,Female,Ireland,Tuam,-8.83565,53.49417
39,Euell,Puttergill,eputtergill12@addtoany.com,Male,Ireland,Ballyhaunis,-8.7683674,53.7942932
40,Martino,Kline,mkline13@wordpress.org,Genderqueer,Ireland,Navan,-6.313755,53.366736
41,Brit,Skillett,bskillett14@ask.com,Male,Ireland,Greystones,-6.0704904,53.1286984
42,Goldarina,Nequest,gnequest15@tiny.cc,Female,Ireland,Dromiskin,-6.4008792,53.9215606
43,Hoebart,Winkell,hwinkell16@sun.com,Male,Ireland,Midleton,-8.1722173,51.9138694
44,Giffy,Wonfor,gwonfor17@who.int,Male,Ireland,Crumlin,-6.3048641,53.3284298
45,Kerwinn,Spensly,kspensly18@state.tx.us,Male,Ireland,Rathwire,-7.145971,53.508326
46,Diego,Bales,dbales19@weather.com,Male,Ireland,Cobh,-8.298942,51.848898
47,Annabal,Wooldridge,awooldridge1a@mapquest.com,Female,Ireland,Enniskerry,-8.9821467,52.8498651
48,Lazar,Mattersley,lmattersley1b@mayoclinic.com,Male,Ireland,Cill Airne,-6.2890702,53.3201497
49,Quinton,Bernardinelli,qbernardinelli1c@trellian.com,Male,Ireland,Ballymahon,-7.7655701,53.5650926
50,Ancell,Crosston,acrosston1d@arstechnica.com,Agender,Ireland,Balally,-6.5899765,52.176031
51,Blondy,Deabill,bdeabill1e@hugedomains.com,Female,Ireland,Shankill,-6.124065,53.231395
52,Reggi,Jolley,rjolley1f@yahoo.co.jp,Female,Ireland,Dromiskin,-6.4008792,53.9215606
53,Kissee,Fawlo,kfawlo1g@diigo.com,Female,Ireland,Lusk,-6.1535181,53.5220275
54,Raimondo,Shearman,rshearman1h@sina.com.cn,Male,Ireland,Killorglin,-9.7850991,52.1058991
55,Wheeler,Marikhin,wmarikhin1i@wunderground.com,Male,Ireland,Newmarket on Fergus,-8.8950821,52.7604883
56,Candida,Main,cmain1j@economist.com,Female,Ireland,Skerries,-6.1349155,53.5834008
57,Jocko,Gaskoin,jgaskoin1k@nhs.uk,Male,Ireland,Swords,-6.2071246,53.4562426
58,Vallie,Schwandermann,vschwandermann1l@webs.com,Female,Ireland,Monasterevin,-7.0625888,53.1387595
59,Clerc,Blamphin,cblamphin1m@uiuc.edu,Male,Ireland,Rathnew,-6.374155,53.3223974
60,Coleen,Tomlins,ctomlins1n@sohu.com,Female,Ireland,Fairview,-6.4202878,54.0026343
61,Gilberta,Lakin,glakin1o@auda.org.au,Genderfluid,Ireland,Carrigaline,-8.3929404,51.8113447
62,Alix,Haliday,ahaliday1p@illinois.edu,Agender,Ireland,Dublin,-6.2427004,53.3347733
63,Hadleigh,Scherer,hscherer1q@cocolog-nifty.com,Male,Ireland,Kingscourt,-6.2755912,53.3500473
64,Casandra,Jeannet,cjeannet1r@github.com,Female,Ireland,Ratoath,-6.4671298,53.5050031
65,Mycah,Gard,mgard1s@cbsnews.com,Male,Ireland,Fermoy,-9.5003786,52.4458588
66,Minor,Gosland,mgosland1t@hud.gov,Male,Ireland,Old Kilcullen,-6.7449927,53.1310185
67,Marshal,Bowgen,mbowgen1u@blogtalkradio.com,Male,Ireland,Coolock,-6.1920933,53.3916434
68,Bret,Markie,bmarkie1v@youtu.be,Male,Ireland,Daingean,-7.1297243,52.2509369
69,Yasmin,Godber,ygodber1w@forbes.com,Polygender,Ireland,Dunlewy,-6.1157412,53.2774963
70,Roldan,Robelin,rrobelin1x@amazon.co.jp,Male,Ireland,Newmarket on Fergus,-8.8950821,52.7604883
71,Rosie,Philippe,rphilippe1y@usa.gov,Female,Ireland,Boyle,-8.2969737,53.9735591
72,Eadith,Flowerden,eflowerden1z@virginia.edu,Female,Ireland,Ballina,-9.151825,54.11215
73,Goldy,Cockburn,gcockburn20@fema.gov,Female,Ireland,Athlone,-7.9428197,53.4231032
74,Alicia,Leeke,aleeke21@usatoday.com,Female,Ireland,Kinsale,-6.251714,53.3169419
75,Tim,Ruddom,truddom22@google.it,Male,Ireland,Mullagh,-8.4977746,51.8895954
76,Kermie,Levay,klevay23@yahoo.co.jp,Male,Ireland,Ballybofey,-7.74208,54.70972
77,Stacee,Dewen,sdewen24@walmart.com,Polygender,Ireland,Leixlip,-6.4887534,53.3653866
78,Oates,Vreede,ovreede25@theatlantic.com,Male,Ireland,Dunlewy,-6.1157412,53.2774963
79,Mignon,Livesay,mlivesay26@cbslocal.com,Female,Ireland,Monkstown,-8.9775014,52.8314927
80,Farly,Kyberd,fkyberd27@biblegateway.com,Male,Ireland,Rathwire,-7.145971,53.508326
81,Karna,Belhomme,kbelhomme28@independent.co.uk,Female,Ireland,Ballina,-9.151825,54.11215
82,Edward,Bute,ebute29@unicef.org,Male,Ireland,Dún Laoghaire,-6.133718,53.291512
83,Manuel,Wixey,mwixey2a@google.it,Male,Ireland,Thomastown,-6.7434401,53.2229873
84,Cindee,Barrar,cbarrar2b@ustream.tv,Female,Ireland,Malahide,-6.1479779,53.450694
85,Dov,Elce,delce2c@apache.org,Male,Ireland,Dunlewy,-6.1157412,53.2774963
86,Alison,McDuall,amcduall2d@blogtalkradio.com,Female,Ireland,Dalkey,-6.1072403,53.2780047
87,Roi,Antrobus,rantrobus2e@cmu.edu,Male,Ireland,Manorhamilton,-8.1722002,54.3051891
88,Trent,Innerstone,tinnerstone2f@google.co.jp,Male,Ireland,Rathwire,-7.145971,53.508326
89,Corbie,Vazquez,cvazquez2g@thetimes.co.uk,Male,Ireland,Rathnew,-6.374155,53.3223974
90,Arne,Hamnet,ahamnet2h@reddit.com,Male,Ireland,Ballyjamesduff,-7.086877,53.8363325
91,Madlin,Swatheridge,mswatheridge2i@census.gov,Female,Ireland,Dunlewy,-6.1157412,53.2774963
92,Michale,Slipper,mslipper2j@lycos.com,Male,Ireland,Lucan,-9.4904891,52.6396679
93,Cacilia,Crathorne,ccrathorne2k@economist.com,Female,Ireland,Confey,-6.5028415,53.3806398
94,Mignon,Sames,msames2l@tinypic.com,Female,Ireland,Longford,-7.8004329,53.7283566
95,Graeme,Kitcher,gkitcher2m@ebay.co.uk,Polygender,Ireland,Eadestown,-6.590926,53.1936864
96,Nicola,Durbin,ndurbin2n@jimdo.com,Male,Ireland,Ballivor,-6.1191333,53.1915379
97,Alessandro,Hitcham,ahitcham2o@theglobeandmail.com,Male,Ireland,Ballyboden,-6.3049392,53.3021194
98,Sig,Tiery,stiery2p@geocities.com,Male,Ireland,Raphoe,-8.2755058,52.2627273
99,Orel,Fenty,ofenty2q@sun.com,Female,Ireland,Castlebridge,-6.5853664,53.378253
100,Corabel,Paulo,cpaulo2r@cornell.edu,Female,Ireland,Piltown,-6.3025448,53.6920618
101,Allis,Gurg,agurg2s@google.ru,Female,Ireland,Kilkenny,-7.2584,52.655184
102,Effie,Yanshin,eyanshin2t@yahoo.com,Female,Ireland,Glasnevin,-6.266734,53.3829319
103,Ranee,Sancto,rsancto2u@mozilla.org,Female,Ireland,Claremorris,-8.334953,51.8610022
104,Morten,Kyte,mkyte2v@archive.org,Male,Ireland,Watergrasshill,-8.337871,52.0097259
105,Vikky,Melior,vmelior2w@china.com.cn,Female,Ireland,Ballyhaunis,-8.7683674,53.7942932
106,Kristyn,Humphery,khumphery2x@rakuten.co.jp,Female,Ireland,Glasnevin,-6.266734,53.3829319
107,Shannan,Myall,smyall2y@adobe.com,Genderfluid,Ireland,Crumlin,-6.3048641,53.3284298
108,Hiram,O'Scollee,hoscollee2z@liveinternet.ru,Male,Ireland,Dunmanway,-9.1115941,51.7203863
109,Stern,Stadding,sstadding30@dyndns.org,Male,Ireland,Moate,-6.1942058,53.3604483
110,Tristam,Vasilischev,tvasilischev31@histats.com,Male,Ireland,Youghal,-7.8434254,51.949401
111,Inez,Fere,ifere32@surveymonkey.com,Female,Ireland,Leixlip,-6.4887534,53.3653866
112,Franz,Naisey,fnaisey33@eepurl.com,Male,Ireland,Ratoath,-6.4671298,53.5050031
113,Sibel,Alwell,salwell34@apache.org,Female,Ireland,Fermoy,-9.5003786,52.4458588
114,Noelyn,La Vigne,nlavigne35@europa.eu,Female,Ireland,Swords,-6.2071246,53.4562426
115,Rance,Vinter,rvinter36@furl.net,Male,Ireland,Raphoe,-8.2755058,52.2627273
116,Price,von Hagt,pvonhagt37@nsw.gov.au,Male,Ireland,Kinsealy-Drinan,-6.1644997,53.4266145
117,Edie,Hurdedge,ehurdedge38@deviantart.com,Female,Ireland,Longwood,-6.2892907,53.310122
118,Fianna,Lynett,flynett39@slate.com,Female,Ireland,Dunmanway,-9.1115941,51.7203863
119,Ely,Dwerryhouse,edwerryhouse3a@myspace.com,Genderfluid,Ireland,Drumcondra,-8.445614,51.8885086
120,Priscella,Matchitt,pmatchitt3b@ca.gov,Female,Ireland,Cloyne,-6.2398782,53.32112
121,Alexia,Traynor,atraynor3c@opensource.org,Female,Ireland,Coolock,-6.1920933,53.3916434
122,Stafford,McGrowther,smcgrowther3d@hc360.com,Male,Ireland,Portarlington,-7.185387,53.158984
123,Verine,Kelloway,vkelloway3e@booking.com,Female,Ireland,Ardee,-8.4784945,51.8815586
124,Clevey,Mattis,cmattis3f@ebay.com,Male,Ireland,Moate,-6.1942058,53.3604483
125,Alejandra,Bussen,abussen3g@pbs.org,Genderfluid,Ireland,Prosperous,-6.7515223,53.2888321
126,Hewet,McLanaghan,hmclanaghan3h@wikipedia.org,Male,Ireland,Kingscourt,-6.2755912,53.3500473
127,Bobbette,Sundin,bsundin3i@dot.gov,Agender,Ireland,Castlerea,-8.6346959,53.7423435
128,Ber,Garfield,bgarfield3j@sun.com,Male,Ireland,Ballylinan,-7.0472382,52.9480781
129,Panchito,Klauer,pklauer3k@patch.com,Male,Ireland,Arklow,-8.4523258,51.880525
130,Cassaundra,Bottoner,cbottoner3l@elegantthemes.com,Female,Ireland,Listowel,-9.4851741,52.4460804
131,Ross,Swallwell,rswallwell3m@geocities.com,Male,Ireland,Navan,-6.313755,53.366736
132,Bartholemy,McCraw,bmccraw3n@google.com.au,Male,Ireland,Belmullet,-10.0320886,54.2223118
133,Lesli,Davioud,ldavioud3o@xing.com,Female,Ireland,Bayside,-9.1097137,53.2582868
134,Lynn,Durn,ldurn3p@archive.org,Male,Ireland,Lucan,-9.4904891,52.6396679
135,Verney,Voysey,vvoysey3q@google.ca,Male,Ireland,Dalkey,-6.1072403,53.2780047
136,Tucky,Kinane,tkinane3r@wordpress.org,Male,Ireland,Cluain Meala,-6.2611953,53.3881832
137,Camile,O'Nion,conion3s@sina.com.cn,Female,Ireland,Kill,-6.5924609,53.2482376
138,Ginger,Chelam,gchelam3t@jimdo.com,Female,Ireland,Skerries,-6.1349155,53.5834008
139,Dahlia,Schulken,dschulken3u@gizmodo.com,Female,Ireland,Raheny,-6.1820563,53.3786861
140,Ailbert,McHarry,amcharry3v@irs.gov,Male,Ireland,Foxrock,-6.1011147,53.2000455
141,Iolande,Rous,irous3w@infoseek.co.jp,Female,Ireland,Eadestown,-6.590926,53.1936864
142,Jennine,Cawley,jcawley3x@tmall.com,Female,Ireland,Castlepollard,-7.2979911,53.6785169
143,Kippie,Grafton-Herbert,kgraftonherbert3y@instagram.com,Male,Ireland,Charlesland,-6.0690645,53.1257486
144,Norri,Phlipon,nphlipon3z@telegraph.co.uk,Female,Ireland,Granard,-7.5011999,53.776647
145,Merissa,Faley,mfaley40@guardian.co.uk,Agender,Ireland,Ballymahon,-7.7655701,53.5650926
146,Cherye,Berthon,cberthon41@sourceforge.net,Female,Ireland,Stradbally,-8.5054897,52.7107501
147,Jordana,Faireclough,jfaireclough42@furl.net,Female,Ireland,Gorey,-6.308522,52.665267
148,Riccardo,Sutherel,rsutherel43@whitehouse.gov,Male,Ireland,Midleton,-8.1722173,51.9138694
149,Barnett,Tilston,btilston44@nps.gov,Male,Ireland,Athy,-6.9858993,53.0018699
150,Teodorico,Nuschke,tnuschke45@businessweek.com,Male,Ireland,Cabinteely,-6.1603828,53.2599034
151,Kelwin,Iban,kiban46@joomla.org,Male,Ireland,Monaghan,-7.0943023,54.2694844
152,Anallese,Dominiak,adominiak47@so-net.ne.jp,Female,Ireland,Longford,-7.8004329,53.7283566
153,Dolph,Sloan,dsloan48@nba.com,Male,Ireland,Trá Mhór,-9.0197835,53.2736466
154,Tammi,Feaster,tfeaster49@miitbeian.gov.cn,Female,Ireland,Athlone,-7.9428197,53.4231032
155,Ebenezer,MacDwyer,emacdwyer4a@vkontakte.ru,Male,Ireland,Sallins,-6.6633404,53.2492381
156,Jeddy,Georgeou,jgeorgeou4b@yandex.ru,Male,Ireland,Ratoath,-6.4671298,53.5050031
157,Sol,Klulicek,sklulicek4c@webnode.com,Male,Ireland,Kinnegad,-9.1327273,53.806868
158,Adolpho,Bertenshaw,abertenshaw4d@mysql.com,Male,Ireland,Glasnevin,-6.266734,53.3829319
159,Mead,Van der Brugge,mvanderbrugge4e@phoca.cz,Female,Ireland,Thomastown,-6.7434401,53.2229873
160,Riobard,Michelle,rmichelle4f@mediafire.com,Polygender,Ireland,Athy,-6.9858993,53.0018699
161,Curran,Batha,cbatha4g@independent.co.uk,Genderfluid,Ireland,Charlesland,-6.0690645,53.1257486
162,Noak,Trappe,ntrappe4h@sakura.ne.jp,Male,Ireland,Tullamore,-7.518792,53.284466
163,Ulrike,Scannell,uscannell4i@sun.com,Female,Ireland,Castleknock,-9.0248232,53.2760162
164,Bertina,Haruard,bharuard4j@networksolutions.com,Female,Ireland,Mallow,-8.642661,52.1361219
165,Hershel,Mynett,hmynett4k@blinklist.com,Male,Ireland,Kinnegad,-9.1327273,53.806868
166,Joan,Bliven,jbliven4l@digg.com,Female,Ireland,Castleknock,-9.0248232,53.2760162
167,Kaylee,Fredy,kfredy4m@naver.com,Female,Ireland,Donabate,-6.1544115,53.4855448
168,Neel,Linnell,nlinnell4n@w3.org,Genderqueer,Ireland,Cavan,-7.297914,54.026345
169,Cosette,Noyce,cnoyce4o@i2i.jp,Female,Ireland,Annacotty,-8.5369154,52.6681994
170,Wolfgang,Sheather,wsheather4p@ox.ac.uk,Male,Ireland,Manorhamilton,-8.1722002,54.3051891
171,Gram,Clother,gclother4q@accuweather.com,Male,Ireland,Greystones,-6.0704904,53.1286984
172,Mommy,Muzzi,mmuzzi4r@telegraph.co.uk,Agender,Ireland,Milltown,-7.9027266,53.4148582
173,Wallis,Skeffington,wskeffington4s@abc.net.au,Female,Ireland,Ballinteer,-6.2554371,53.2767301
174,Sam,Keattch,skeattch4t@sun.com,Male,Ireland,Newmarket on Fergus,-8.8950821,52.7604883
175,Amara,Kerford,akerford4u@nps.gov,Female,Ireland,Aghada,-8.4627451,54.25645
176,Mersey,Dottrell,mdottrell4v@engadget.com,Non-binary,Ireland,Dalkey,-6.1072403,53.2780047
177,Olwen,Thewless,othewless4w@people.com.cn,Female,Ireland,Booterstown,-6.1979853,53.3046353
178,Tine,Bock,tbock4x@feedburner.com,Female,Ireland,Charlesland,-6.0690645,53.1257486
179,Aurilia,McManus,amcmanus4y@gizmodo.com,Female,Ireland,Clifden,-10.022186,53.488087
180,Susan,Canby,scanby4z@moonfruit.com,Female,Ireland,Tower,-80.7087609,35.7797381
181,Pavlov,Ogden,pogden50@meetup.com,Male,Ireland,Annacotty,-8.5369154,52.6681994
182,Dirk,Binch,dbinch51@businessinsider.com,Male,Ireland,Carrigtwohill,-8.259128,51.908209
183,Tina,Housley,thousley52@webeden.co.uk,Female,Ireland,Claremorris,-8.334953,51.8610022
184,Guy,Martel,gmartel53@huffingtonpost.com,Male,Ireland,Longford,-7.8004329,53.7283566
185,Dedra,Massimi,dmassimi54@zimbio.com,Agender,Ireland,Malahide,-6.1479779,53.450694
186,Nev,Cuttell,ncuttell55@cbc.ca,Genderqueer,Ireland,Tullyallen,-6.4241156,53.7369009
187,Allissa,Seiller,aseiller56@delicious.com,Female,Ireland,Monkstown,-8.9775014,52.8314927
188,Reine,Jacobi,rjacobi57@xing.com,Female,Ireland,Naas,-6.67045,53.213319
189,Vonnie,Serle,vserle58@slate.com,Female,Ireland,Drumcondra,-8.445614,51.8885086
190,Marshal,Hanes,mhanes59@home.pl,Male,Ireland,Tullamore,-7.518792,53.284466
191,Kort,Klarzynski,kklarzynski5a@nba.com,Male,Ireland,Listowel,-9.4851741,52.4460804
192,Irvine,Statton,istatton5b@ocn.ne.jp,Male,Ireland,Tullyallen,-6.4241156,53.7369009
193,Mignon,Willoughway,mwilloughway5c@nsw.gov.au,Female,Ireland,Edgeworthstown,-7.606287,53.6972399
194,Batholomew,Di Matteo,bdimatteo5d@un.org,Male,Ireland,Prosperous,-6.7515223,53.2888321
195,Ebony,Dyment,edyment5e@mlb.com,Female,Ireland,Muff,-7.269174,55.0650892
196,Ransom,Bayne,rbayne5f@wufoo.com,Male,Ireland,Carrigaline,-8.3929404,51.8113447
197,Modesta,Sleaford,msleaford5g@ow.ly,Female,Ireland,Booterstown,-6.1979853,53.3046353
198,Kelby,Sketchley,ksketchley5h@tmall.com,Male,Ireland,Ballybofey,-7.74208,54.70972
199,Enrique,Woollacott,ewoollacott5i@usnews.com,Male,Ireland,Old Kilcullen,-6.7449927,53.1310185
200,Delmer,Duester,dduester5j@whitehouse.gov,Male,Ireland,Sallins,-6.6633404,53.2492381
201,Casey,Fryers,cfryers5k@google.de,Male,Ireland,Clones,-7.2314132,54.1794814
202,Garek,Filipczynski,gfilipczynski5l@paginegialle.it,Male,Ireland,Raphoe,-8.2755058,52.2627273
203,Jandy,Haselup,jhaselup5m@behance.net,Female,Ireland,Carrigtwohill,-8.259128,51.908209
204,Gordan,Strethill,gstrethill5n@nhs.uk,Male,Ireland,Granard,-7.5011999,53.776647
205,Michelina,Pockey,mpockey5o@biblegateway.com,Female,Ireland,Bayside,-9.1097137,53.2582868
206,Thorny,Fronsek,tfronsek5p@purevolume.com,Male,Ireland,Dromiskin,-6.4008792,53.9215606
207,Gualterio,Connochie,gconnochie5q@a8.net,Male,Ireland,Athlone,-7.9428197,53.4231032
208,Chickie,Inglesant,cinglesant5r@ftc.gov,Male,Ireland,Blarney,-8.8562835,53.510243
209,Derek,Kerrey,dkerrey5s@addtoany.com,Male,Ireland,Shankill,-6.124065,53.231395
210,Shani,Bramley,sbramley5t@cam.ac.uk,Female,Ireland,Kill,-6.5924609,53.2482376
211,Jackson,Milson,jmilson5u@bloomberg.com,Male,Ireland,Mullagh,-8.4977746,51.8895954
212,Marv,McInerney,mmcinerney5v@shutterfly.com,Male,Ireland,Kinsale,-6.251714,53.3169419
213,Anna-diana,Novacek,anovacek5w@cbc.ca,Female,Ireland,Newmarket on Fergus,-8.8950821,52.7604883
214,Matthaeus,Costan,mcostan5x@over-blog.com,Male,Ireland,Tuam,-8.83565,53.49417
215,Flynn,Clutterham,fclutterham5y@taobao.com,Male,Ireland,Clones,-7.2314132,54.1794814
216,Cody,Emanueli,cemanueli5z@businessweek.com,Male,Ireland,Cashel,-7.888894,52.516323
217,Patrizia,Orcott,porcott60@uiuc.edu,Female,Ireland,Dún Laoghaire,-6.133718,53.291512
218,Jerrold,Schoroder,jschoroder61@mayoclinic.com,Male,Ireland,Coolock,-6.1920933,53.3916434
219,Reube,Randleson,rrandleson62@topsy.com,Male,Ireland,Ratoath,-6.4671298,53.5050031
220,Bennie,Crannell,bcrannell63@amazonaws.com,Male,Ireland,Caherconlish,-8.3545704,52.5593605
221,Ericha,Kennelly,ekennelly64@nature.com,Female,Ireland,Foxrock,-6.1011147,53.2000455
222,Jolyn,Geeritz,jgeeritz65@barnesandnoble.com,Female,Ireland,Donnybrook,-6.2324705,53.3177535
223,Meggy,Genery,mgenery66@so-net.ne.jp,Female,Ireland,Monaghan,-7.0943023,54.2694844
224,Mair,Baudain,mbaudain67@godaddy.com,Bigender,Ireland,Cill Airne,-6.2890702,53.3201497
225,Keven,Ricker,kricker68@redcross.org,Male,Ireland,Dromiskin,-6.4008792,53.9215606
226,Suzann,McGavin,smcgavin69@paginegialle.it,Female,Ireland,Malahide,-6.1479779,53.450694
227,Ruthie,Lambillion,rlambillion6a@guardian.co.uk,Genderqueer,Ireland,Swords,-6.2071246,53.4562426
228,Essie,Boyat,eboyat6b@yellowbook.com,Female,Ireland,Longwood,-6.2892907,53.310122
229,Emily,Cowderoy,ecowderoy6c@friendfeed.com,Female,Ireland,Sandymount,-6.2152673,53.3323703
230,Tiff,Buret,tburet6d@1688.com,Female,Ireland,Kilmacanoge,-6.139018,53.171935
231,Corrina,Labon,clabon6e@myspace.com,Female,Ireland,Trá Mhór,-9.0197835,53.2736466
232,Chet,Laffoley-Lane,claffoleylane6f@timesonline.co.uk,Male,Ireland,Shankill,-6.124065,53.231395
233,Ursa,Deeks,udeeks6g@addthis.com,Agender,Ireland,Ballyboden,-6.3049392,53.3021194
234,Ottilie,Maas,omaas6h@google.cn,Female,Ireland,Tuam,-8.83565,53.49417
235,Cherish,Saiger,csaiger6i@bluehost.com,Female,Ireland,Tullamore,-7.518792,53.284466
236,Bibbie,Jervoise,bjervoise6j@weebly.com,Female,Ireland,Granard,-7.5011999,53.776647
237,Maximilian,Yockney,myockney6k@cisco.com,Male,Ireland,Muff,-7.269174,55.0650892
238,Jaquenetta,Bricksey,jbricksey6l@pagesperso-orange.fr,Female,Ireland,Kinsale,-6.251714,53.3169419
239,Neal,Matherson,nmatherson6m@nps.gov,Male,Ireland,Rathwire,-7.145971,53.508326
240,Liesa,Mandel,lmandel6n@slashdot.org,Female,Ireland,Tralee,-7.0833118,52.2413206
241,Gordie,Penniall,gpenniall6o@cdc.gov,Male,Ireland,Castlebridge,-6.5853664,53.378253
242,Pearle,Dood,pdood6p@1und1.de,Female,Ireland,Rathwire,-7.145971,53.508326
243,Shoshanna,Hannum,shannum6q@usnews.com,Female,Ireland,Lusk,-6.1535181,53.5220275
244,Evey,Crouse,ecrouse6r@google.es,Female,Ireland,Tullamore,-7.518792,53.284466
245,Mariejeanne,Weaver,mweaver6s@ning.com,Female,Ireland,Moate,-6.1942058,53.3604483
246,Jakie,Arbor,jarbor6t@yandex.ru,Male,Ireland,Daingean,-7.1297243,52.2509369
247,Mil,Greneham,mgreneham6u@dropbox.com,Bigender,Ireland,Mullagh,-8.4977746,51.8895954
248,Ethelred,Dinis,edinis6v@patch.com,Male,Ireland,Portumna,-8.2215941,53.0917381
249,Hollis,Moyes,hmoyes6w@barnesandnoble.com,Male,Ireland,Loughrea,-6.3506335,53.2911347
250,Arlinda,McGeachie,amcgeachie6x@youtu.be,Female,Ireland,Cill Airne,-6.2890702,53.3201497
251,Rubi,Shuttlewood,rshuttlewood6y@ustream.tv,Female,Ireland,Loughrea,-6.3506335,53.2911347
252,Fergus,Tithecott,ftithecott6z@usatoday.com,Male,Ireland,Daingean,-7.1297243,52.2509369
253,Lilah,Revel,lrevel70@ft.com,Female,Ireland,Askeaton,-8.9706844,52.6004448
254,Hephzibah,Bentame,hbentame71@cmu.edu,Non-binary,Ireland,Virginia,-6.2633149,53.377533
255,Merry,Moyse,mmoyse72@51.la,Male,Ireland,Monasterevin,-7.0625888,53.1387595
256,Mercy,Sawers,msawers73@livejournal.com,Female,Ireland,Aughrim,-6.366762,53.2987724
257,Wolfgang,Cushworth,wcushworth74@google.ru,Genderqueer,Ireland,Eadestown,-6.590926,53.1936864
258,Gherardo,Trippack,gtrippack75@nydailynews.com,Agender,Ireland,Athlone,-7.9428197,53.4231032
259,Ailis,Marushak,amarushak76@mapy.cz,Female,Ireland,Stradbally,-8.5054897,52.7107501
260,Alasdair,Paladino,apaladino77@nhs.uk,Male,Ireland,Moville,-8.4242597,51.8910459
261,Justinian,Culmer,jculmer78@wsj.com,Male,Ireland,Athy,-6.9858993,53.0018699
262,Queenie,Bellefant,qbellefant79@ucoz.ru,Female,Ireland,Sutton,-6.1097188,53.3895926
263,Gaylene,Frusher,gfrusher7a@businessweek.com,Female,Ireland,Aghada,-8.4627451,54.25645
264,Lock,Dillestone,ldillestone7b@pinterest.com,Genderqueer,Ireland,Ballivor,-6.1191333,53.1915379
265,Arte,Samson,asamson7c@smh.com.au,Male,Ireland,Carrigaline,-8.3929404,51.8113447
266,Cahra,Cham,ccham7d@prlog.org,Female,Ireland,Bearna,-6.2340942,53.2993199
267,Charleen,Petrina,cpetrina7e@uol.com.br,Female,Ireland,Dalkey,-6.1072403,53.2780047
268,Emerson,Hedaux,ehedaux7f@freewebs.com,Male,Ireland,Dublin,-6.2427004,53.3347733
269,Yorgo,O'Sheilds,yosheilds7g@nytimes.com,Male,Ireland,Athlone,-7.9428197,53.4231032
270,Andrus,Matousek,amatousek7h@apache.org,Male,Ireland,Clifden,-10.022186,53.488087
271,Roberto,Carley,rcarley7i@cargocollective.com,Male,Ireland,Longford,-7.8004329,53.7283566
272,Javier,Carnock,jcarnock7j@purevolume.com,Male,Ireland,Mullagh,-8.4977746,51.8895954
273,Meggi,Smieton,msmieton7k@biglobe.ne.jp,Female,Ireland,Bearna,-6.2340942,53.2993199
274,Ashbey,Strutton,astrutton7l@ihg.com,Male,Ireland,Dunleer,-8.5176583,51.8863277
275,Linzy,Cuseick,lcuseick7m@spiegel.de,Female,Ireland,Claremorris,-8.334953,51.8610022
276,Lewie,Dashwood,ldashwood7n@eventbrite.com,Male,Ireland,Sallins,-6.6633404,53.2492381
277,Emmaline,Jonson,ejonson7o@goo.ne.jp,Female,Ireland,Lucan,-9.4904891,52.6396679
278,Mendie,Slessor,mslessor7p@cloudflare.com,Male,Ireland,Clonskeagh,-6.2387374,53.3141205
279,Berta,Lillow,blillow7q@huffingtonpost.com,Female,Ireland,Naas,-6.67045,53.213319
280,Kenton,Beggini,kbeggini7r@is.gd,Male,Ireland,Gweedore,-9.0288689,53.2737147
281,Allx,Dengate,adengate7s@un.org,Female,Ireland,Castlebridge,-6.5853664,53.378253
282,Stanley,Roddell,sroddell7t@toplist.cz,Male,Ireland,Donegal,-8.5946591,54.632283
283,Gwennie,Mac Geaney,gmacgeaney7u@arstechnica.com,Female,Ireland,Ballymahon,-7.7655701,53.5650926
284,Sayres,Quarless,squarless7v@dedecms.com,Male,Ireland,Donabate,-6.1544115,53.4855448
285,Davida,Daens,ddaens7w@state.tx.us,Female,Ireland,Dungloe,-6.3695384,53.3734053
286,Howard,McPhater,hmcphater7x@dagondesign.com,Male,Ireland,Rathwire,-7.145971,53.508326
287,Cyrille,Smedmoor,csmedmoor7y@technorati.com,Male,Ireland,Tullamore,-7.518792,53.284466
288,Cameron,Copcutt,ccopcutt7z@google.nl,Male,Ireland,Kanturk,-8.9342111,52.182304
289,Kaja,Peddie,kpeddie80@gizmodo.com,Female,Ireland,Ferbane,-8.4824714,51.8862378
290,Katha,Treweela,ktreweela81@globo.com,Female,Ireland,Dún Laoghaire,-6.133718,53.291512
291,Dreddy,Anstey,danstey82@gmpg.org,Female,Ireland,Carrigaline,-8.3929404,51.8113447
292,Jay,Paslow,jpaslow83@ftc.gov,Male,Ireland,Tullamore,-7.518792,53.284466
293,Crissy,Ratray,cratray84@howstuffworks.com,Female,Ireland,Dunlewy,-6.1157412,53.2774963
294,Vittorio,Spridgeon,vspridgeon85@blog.com,Male,Ireland,Moate,-6.1942058,53.3604483
295,Peggy,Sams,psams86@fastcompany.com,Non-binary,Ireland,Blessington,-8.5111664,51.8858819
296,Eward,Burker,eburker87@digg.com,Male,Ireland,Askeaton,-8.9706844,52.6004448
297,Gertruda,Clutten,gclutten88@bing.com,Female,Ireland,Bailieborough,-6.9711886,53.916791
298,Genvieve,Nannini,gnannini89@lulu.com,Female,Ireland,Boyle,-8.2969737,53.9735591
299,Jessey,Mutlow,jmutlow8a@macromedia.com,Male,Ireland,Cherryville,-7.1111732,52.2513095
300,Jemimah,Doodney,jdoodney8b@hugedomains.com,Female,Ireland,Greystones,-6.0704904,53.1286984
301,Gratiana,Sprowles,gsprowles8c@nasa.gov,Female,Ireland,Annacotty,-8.5369154,52.6681994
302,Mame,Fransemai,mfransemai8d@illinois.edu,Female,Ireland,Cabinteely,-6.1603828,53.2599034
303,Brodie,Kenninghan,bkenninghan8e@imgur.com,Male,Ireland,Prosperous,-6.7515223,53.2888321
304,Sigfrid,Ayto,sayto8f@fda.gov,Bigender,Ireland,Loughrea,-6.3506335,53.2911347
305,Tove,Geeve,tgeeve8g@bbc.co.uk,Female,Ireland,Kinsealy-Drinan,-6.1644997,53.4266145
306,Terri-jo,Reaveley,treaveley8h@w3.org,Female,Ireland,Donabate,-6.1544115,53.4855448
307,Kayley,Lipsett,klipsett8i@toplist.cz,Female,Ireland,Stradbally,-8.5054897,52.7107501
308,Hatty,Stein,hstein8j@arstechnica.com,Female,Ireland,Ballyboden,-6.3049392,53.3021194
309,Franklyn,Bulbeck,fbulbeck8k@woothemes.com,Male,Ireland,Fermoy,-9.5003786,52.4458588
310,Ive,Jago,ijago8l@japanpost.jp,Male,Ireland,Naas,-6.67045,53.213319
311,Micky,Beelby,mbeelby8m@hp.com,Male,Ireland,Navan,-6.313755,53.366736
312,Gael,McPhelimy,gmcphelimy8n@cbslocal.com,Male,Ireland,Sandyford,-6.3422325,53.719155
313,Eryn,Caplis,ecaplis8o@360.cn,Female,Ireland,Carrigtwohill,-8.259128,51.908209
314,Dotty,Klagges,dklagges8p@list-manage.com,Female,Ireland,Kilmacanoge,-6.139018,53.171935
315,Darbie,Botley,dbotley8q@feedburner.com,Female,Ireland,Kinnegad,-9.1327273,53.806868
316,Lita,Trengrouse,ltrengrouse8r@statcounter.com,Non-binary,Ireland,Tullamore,-7.518792,53.284466
317,Cybil,Lackinton,clackinton8s@mac.com,Female,Ireland,Skibbereen,-9.268589,51.549106
318,Shelba,Cattell,scattell8t@boston.com,Female,Ireland,Thomastown,-6.7434401,53.2229873
319,Farley,Pardue,fpardue8u@guardian.co.uk,Male,Ireland,Cill Airne,-6.2890702,53.3201497
320,Rocky,Vaskov,rvaskov8v@de.vu,Male,Ireland,Crossmolina,-6.473025,54.0086093
321,Windham,Haysar,whaysar8w@zdnet.com,Male,Ireland,Cork,-8.489012,51.923707
322,Aeriel,McOmish,amcomish8x@xrea.com,Female,Ireland,Ballyjamesduff,-7.086877,53.8363325
323,Annalee,Winslow,awinslow8y@woothemes.com,Genderfluid,Ireland,Cloyne,-6.2398782,53.32112
324,Amity,Dreschler,adreschler8z@usgs.gov,Female,Ireland,Donnycarney,-6.218069,53.374266
325,Charin,Perrett,cperrett90@ehow.com,Female,Ireland,Killorglin,-9.7850991,52.1058991
326,Samuel,Yarrow,syarrow91@smh.com.au,Male,Ireland,Naas,-6.67045,53.213319
327,Howie,Kunzel,hkunzel92@rediff.com,Male,Ireland,Ballylinan,-7.0472382,52.9480781
328,Valma,Catmull,vcatmull93@china.com.cn,Female,Ireland,Monasterevin,-7.0625888,53.1387595
329,Gil,Hailwood,ghailwood94@so-net.ne.jp,Male,Ireland,Bayside,-9.1097137,53.2582868
330,Dione,Campos,dcampos95@huffingtonpost.com,Female,Ireland,Kill,-6.5924609,53.2482376
331,Sonnie,Burtwistle,sburtwistle96@bbc.co.uk,Female,Ireland,Bearna,-6.2340942,53.2993199
332,Kelsy,Leakner,kleakner97@aboutads.info,Female,Ireland,Moate,-6.1942058,53.3604483
333,Mickey,Vossgen,mvossgen98@nymag.com,Male,Ireland,Edgeworthstown,-7.606287,53.6972399
334,Vinni,Esilmon,vesilmon99@cloudflare.com,Female,Ireland,Cavan,-7.297914,54.026345
335,Sileas,Gouldie,sgouldie9a@angelfire.com,Female,Ireland,Castleknock,-9.0248232,53.2760162
336,Evelyn,Sails,esails9b@webs.com,Male,Ireland,Cluain Meala,-6.2611953,53.3881832
337,Celesta,Ulyet,culyet9c@weebly.com,Female,Ireland,Birr,-7.9139891,53.0949398
338,Ike,Jamme,ijamme9d@china.com.cn,Male,Ireland,Tralee,-7.0833118,52.2413206
339,Mab,Iacovelli,miacovelli9e@tumblr.com,Female,Ireland,Carrigaline,-8.3929404,51.8113447
340,Winifred,Gravells,wgravells9f@reddit.com,Female,Ireland,Foxrock,-6.1011147,53.2000455
341,Cary,Pennyman,cpennyman9g@dot.gov,Bigender,Ireland,Monkstown,-8.9775014,52.8314927
342,Hanny,Gilligan,hgilligan9h@wordpress.org,Female,Ireland,Mullagh,-8.4977746,51.8895954
343,Lexis,Crossland,lcrossland9i@youtu.be,Female,Ireland,Moycullen,-9.159604,53.302644
344,Jecho,MacAloren,jmacaloren9j@bloglovin.com,Male,Ireland,Annacotty,-8.5369154,52.6681994
345,Perren,Soloway,psoloway9k@google.co.jp,Male,Ireland,Sandyford,-6.3422325,53.719155
346,Amy,Perse,aperse9l@weather.com,Female,Ireland,Enniskerry,-8.9821467,52.8498651
347,Derron,Alten,dalten9m@smugmug.com,Male,Ireland,Watergrasshill,-8.337871,52.0097259
348,Guilbert,Strutley,gstrutley9n@jigsy.com,Bigender,Ireland,Malahide,-6.1479779,53.450694
349,Worthington,Baxstar,wbaxstar9o@1688.com,Male,Ireland,Cill Airne,-6.2890702,53.3201497
350,Noach,Luxen,nluxen9p@flickr.com,Male,Ireland,Tower,-80.7087609,35.7797381
351,Tabatha,Morman,tmorman9q@yahoo.co.jp,Female,Ireland,Gorey,-6.308522,52.665267
352,Clevie,Wedlake,cwedlake9r@ning.com,Male,Ireland,Lusk,-6.1535181,53.5220275
353,Claudia,Rembrandt,crembrandt9s@about.me,Female,Ireland,Lusk,-6.1535181,53.5220275
354,Isabelle,Beake,ibeake9t@csmonitor.com,Female,Ireland,Sutton,-6.1097188,53.3895926
355,Paola,Cattemull,pcattemull9u@creativecommons.org,Female,Ireland,Ballina,-9.151825,54.11215
356,Gilberte,Delue,gdelue9v@archive.org,Female,Ireland,Newmarket on Fergus,-8.8950821,52.7604883
357,Devin,Escale,descale9w@topsy.com,Male,Ireland,Daingean,-7.1297243,52.2509369
358,Michaelina,MacInherney,mmacinherney9x@fda.gov,Female,Ireland,Adare,-6.176659,53.4487975
359,Fallon,Redwall,fredwall9y@g.co,Female,Ireland,Portarlington,-7.185387,53.158984
360,Chrisy,McGowran,cmcgowran9z@google.ru,Male,Ireland,Booterstown,-6.1979853,53.3046353
361,Willie,Gumly,wgumlya0@auda.org.au,Male,Ireland,Clogherhead,-6.2429997,53.7902634
362,Lorenza,Baignard,lbaignarda1@free.fr,Female,Ireland,Sutton,-6.1097188,53.3895926
363,Odille,Prium,opriuma2@ameblo.jp,Female,Ireland,Balally,-6.5899765,52.176031
364,Terry,Asprey,taspreya3@cnn.com,Female,Ireland,Drumcondra,-8.445614,51.8885086
365,Enrique,Bernli,ebernlia4@hugedomains.com,Male,Ireland,Ashford,-6.3828795,53.385304
366,Sterling,Stoppard,sstopparda5@hexun.com,Male,Ireland,Gort,-8.9791425,52.8638391
367,Rosalie,Linstead,rlinsteada6@friendfeed.com,Female,Ireland,Ballybofey,-7.74208,54.70972
368,Lalo,Knapton,lknaptona7@nih.gov,Male,Ireland,Fermoy,-9.5003786,52.4458588
369,Merle,Trotter,mtrottera8@sogou.com,Female,Ireland,Dublin,-6.2427004,53.3347733
370,Moore,Catlette,mcatlettea9@webmd.com,Polygender,Ireland,Kilcullen,-8.5047067,51.8830697
371,Thom,Haking,thakingaa@chicagotribune.com,Male,Ireland,Dunlewy,-6.1157412,53.2774963
372,Gale,Jumel,gjumelab@prweb.com,Male,Ireland,Rathdrum,-6.163027,53.2339841
373,Valeria,Traise,vtraiseac@buzzfeed.com,Female,Ireland,Rathnew,-6.374155,53.3223974
374,Zane,Ludewig,zludewigad@cyberchimps.com,Male,Ireland,Balally,-6.5899765,52.176031
375,Marnia,Avard,mavardae@privacy.gov.au,Genderqueer,Ireland,Gort,-8.9791425,52.8638391
376,Valentino,Iashvili,viashviliaf@oakley.com,Male,Ireland,Claremorris,-8.334953,51.8610022
377,Kameko,Maudson,kmaudsonag@google.com.br,Genderqueer,Ireland,Sallins,-6.6633404,53.2492381
378,Marcus,Sorrell,msorrellah@macromedia.com,Male,Ireland,Blarney,-8.8562835,53.510243
379,Maximilian,Covet,mcovetai@columbia.edu,Male,Ireland,Milltown,-7.9027266,53.4148582
380,Fulton,Shoulders,fshouldersaj@elegantthemes.com,Male,Ireland,Stradbally,-8.5054897,52.7107501
381,Jobyna,Espadas,jespadasak@nsw.gov.au,Female,Ireland,Athlone,-7.9428197,53.4231032
382,Bili,Geffen,bgeffenal@sakura.ne.jp,Female,Ireland,Farranacoush,-8.5171384,51.876873
383,Leese,Stephen,lstephenam@google.de,Female,Ireland,Stradbally,-8.5054897,52.7107501
384,Elvyn,Coltart,ecoltartan@cloudflare.com,Male,Ireland,Tullyallen,-6.4241156,53.7369009
385,Niccolo,O'Tierney,notierneyao@themeforest.net,Genderqueer,Ireland,Tuam,-8.83565,53.49417
386,Dorrie,Myatt,dmyattap@odnoklassniki.ru,Female,Ireland,Malahide,-6.1479779,53.450694
387,Eugenia,Wines,ewinesaq@gnu.org,Female,Ireland,Cobh,-8.298942,51.848898
388,Gwenneth,McCrackem,gmccrackemar@redcross.org,Non-binary,Ireland,Farranacoush,-8.5171384,51.876873
389,Giordano,Swarbrick,gswarbrickas@yelp.com,Male,Ireland,Ballylinan,-7.0472382,52.9480781
390,Chauncey,Lown,clownat@buzzfeed.com,Male,Ireland,Kilkenny,-7.2584,52.655184
391,Daryle,Pound,dpoundau@last.fm,Genderfluid,Ireland,Cherryville,-7.1111732,52.2513095
392,Sig,Meany,smeanyav@diigo.com,Genderfluid,Ireland,Whitegate,-6.3539424,53.3666338
393,Jsandye,Wynn,jwynnaw@technorati.com,Female,Ireland,Navan,-6.313755,53.366736
394,Jodie,Parnby,jparnbyax@sogou.com,Male,Ireland,Moate,-6.1942058,53.3604483
395,Lennie,Branson,lbransonay@spiegel.de,Polygender,Ireland,Dalkey,-6.1072403,53.2780047
396,Alvy,Horley,ahorleyaz@vkontakte.ru,Male,Ireland,Ardee,-8.4784945,51.8815586
397,Antons,Sparshott,asparshottb0@sfgate.com,Male,Ireland,Templeogue,-6.3219759,53.2976886
398,Bryon,Froschauer,bfroschauerb1@rakuten.co.jp,Bigender,Ireland,Booterstown,-6.1979853,53.3046353
399,Siusan,Allett,sallettb2@icio.us,Female,Ireland,Blarney,-8.8562835,53.510243
400,Roy,Carcass,rcarcassb3@amazon.de,Male,Ireland,Monasterevin,-7.0625888,53.1387595
401,Shandee,Starten,sstartenb4@skype.com,Female,Ireland,Granard,-7.5011999,53.776647
402,Rebbecca,Doerren,rdoerrenb5@cpanel.net,Female,Ireland,Donnybrook,-6.2324705,53.3177535
403,Martino,Olech,molechb6@imgur.com,Male,Ireland,Ratoath,-6.4671298,53.5050031
404,Emmanuel,Stubs,estubsb7@ibm.com,Male,Ireland,Claremorris,-8.334953,51.8610022
405,Caleb,Saundercock,csaundercockb8@sitemeter.com,Male,Ireland,Ballyjamesduff,-7.086877,53.8363325
406,Ellswerth,Gritsunov,egritsunovb9@ox.ac.uk,Male,Ireland,Arklow,-8.4523258,51.880525
407,Lissa,Vellender,lvellenderba@tinypic.com,Female,Ireland,Drumcondra,-8.445614,51.8885086
408,Neil,Holdron,nholdronbb@facebook.com,Male,Ireland,Cherryville,-7.1111732,52.2513095
409,Lorant,Christofol,lchristofolbc@google.ru,Male,Ireland,Killumney,-8.6340751,52.6638144
410,Gwendolen,Drinkwater,gdrinkwaterbd@dedecms.com,Female,Ireland,Nenagh,-8.2001004,52.86326
411,Delilah,Rosini,drosinibe@cdbaby.com,Female,Ireland,Drumcondra,-8.445614,51.8885086
412,Nevil,Banishevitz,nbanishevitzbf@msu.edu,Male,Ireland,Annacotty,-8.5369154,52.6681994
413,Levon,Balwin,lbalwinbg@facebook.com,Male,Ireland,Castleblayney,-6.64937,54.10269
414,Nanny,Ondra,nondrabh@sbwire.com,Female,Ireland,Navan,-6.313755,53.366736
415,Bendicty,Clynter,bclynterbi@go.com,Male,Ireland,Bundoran,-8.2817353,54.4771768
416,Yankee,Theakston,ytheakstonbj@aboutads.info,Male,Ireland,Adare,-6.176659,53.4487975
417,Rafaelita,McQuilliam,rmcquilliambk@stanford.edu,Non-binary,Ireland,Youghal,-7.8434254,51.949401
418,Glenda,Waghorne,gwaghornebl@wix.com,Female,Ireland,Tallaght,-6.3660863,53.2874153
419,Christye,Mercer,cmercerbm@godaddy.com,Female,Ireland,Askeaton,-8.9706844,52.6004448
420,Willie,Norree,wnorreebn@sakura.ne.jp,Male,Ireland,Manorhamilton,-8.1722002,54.3051891
421,Cacilia,Brazener,cbrazenerbo@epa.gov,Female,Ireland,Dún Laoghaire,-6.133718,53.291512
422,Nat,Piel,npielbp@wikispaces.com,Male,Ireland,Cobh,-8.298942,51.848898
423,Lana,Raddon,lraddonbq@reverbnation.com,Female,Ireland,Whitegate,-6.3539424,53.3666338
424,Murvyn,Danilovic,mdanilovicbr@opera.com,Male,Ireland,Kilmacanoge,-6.139018,53.171935
425,Emma,Hernik,ehernikbs@earthlink.net,Female,Ireland,Sandymount,-6.2152673,53.3323703
426,Nappy,Fligg,nfliggbt@fda.gov,Genderfluid,Ireland,Dalkey,-6.1072403,53.2780047
427,Yard,McPhelim,ymcphelimbu@yolasite.com,Male,Ireland,Ardee,-8.4784945,51.8815586
428,Wilma,Tregaskis,wtregaskisbv@google.it,Female,Ireland,Navan,-6.313755,53.366736
429,Lani,Reeman,lreemanbw@feedburner.com,Female,Ireland,Valleymount,-6.3077823,53.3655256
430,Stanley,Tucker,stuckerbx@dyndns.org,Male,Ireland,Crumlin,-6.3048641,53.3284298
431,Valle,Cawsby,vcawsbyby@umn.edu,Polygender,Ireland,Bayside,-9.1097137,53.2582868
432,Ly,Paradin,lparadinbz@istockphoto.com,Male,Ireland,Castlebridge,-6.5853664,53.378253
433,Lawton,Audenis,laudenisc0@fotki.com,Male,Ireland,Portumna,-8.2215941,53.0917381
434,Cassaundra,Churchard,cchurchardc1@illinois.edu,Female,Ireland,Sallins,-6.6633404,53.2492381
435,Sybille,Perring,sperringc2@chron.com,Female,Ireland,Charlesland,-6.0690645,53.1257486
436,Bat,McCrackan,bmccrackanc3@seattletimes.com,Male,Ireland,Kilcullen,-8.5047067,51.8830697
437,Dirk,Robardet,drobardetc4@ft.com,Male,Ireland,Beaumont,-6.2057463,53.3870149
438,Rina,Kilmaster,rkilmasterc5@furl.net,Female,Ireland,Moate,-6.1942058,53.3604483
439,Westleigh,Proger,wprogerc6@moonfruit.com,Male,Ireland,Cherryville,-7.1111732,52.2513095
440,Hercule,Hurlestone,hhurlestonec7@stanford.edu,Male,Ireland,Kill,-6.5924609,53.2482376
441,Rhonda,Blake,rblakec8@epa.gov,Female,Ireland,Castleknock,-9.0248232,53.2760162
442,Stacy,Reimers,sreimersc9@ihg.com,Male,Ireland,Dalkey,-6.1072403,53.2780047
443,Walker,Comfort,wcomfortca@creativecommons.org,Non-binary,Ireland,Longford,-7.8004329,53.7283566
444,Crissie,Gerrie,cgerriecb@aboutads.info,Female,Ireland,Enniskerry,-8.9821467,52.8498651
445,Remington,Coales,rcoalescc@reference.com,Male,Ireland,Tuam,-8.83565,53.49417
446,Avram,O'Hederscoll,aohederscollcd@skyrock.com,Male,Ireland,Skibbereen,-9.268589,51.549106
447,Rockey,Scardifield,rscardifieldce@squarespace.com,Male,Ireland,Blarney,-8.8562835,53.510243
448,Wald,Elliff,welliffcf@businessweek.com,Polygender,Ireland,Portarlington,-7.185387,53.158984
449,Helene,Pidgin,hpidgincg@google.es,Female,Ireland,Tralee,-7.0833118,52.2413206
450,Skylar,Ellerker,sellerkerch@1und1.de,Male,Ireland,Ballyhaunis,-8.7683674,53.7942932
451,Cameron,Snow,csnowci@nydailynews.com,Male,Ireland,Castlebridge,-6.5853664,53.378253
452,Dicky,Jakab,djakabcj@list-manage.com,Male,Ireland,Greystones,-6.0704904,53.1286984
453,Nerissa,Drillingcourt,ndrillingcourtck@imgur.com,Female,Ireland,Gorey,-6.308522,52.665267
454,Diahann,Ormerod,dormerodcl@youtube.com,Female,Ireland,Tuam,-8.83565,53.49417
455,Jenifer,Woolston,jwoolstoncm@cdbaby.com,Female,Ireland,Manorhamilton,-8.1722002,54.3051891
456,Annmaria,Goulbourn,agoulbourncn@illinois.edu,Female,Ireland,Watergrasshill,-8.337871,52.0097259
457,Noelyn,Penn,npennco@ustream.tv,Female,Ireland,Cavan,-7.297914,54.026345
458,Sebastiano,Anstead,sansteadcp@ask.com,Male,Ireland,Kildare,-6.9140788,53.169971
459,Fremont,Mahody,fmahodycq@istockphoto.com,Male,Ireland,Naas,-6.67045,53.213319
460,Marion,Gowdie,mgowdiecr@mayoclinic.com,Non-binary,Ireland,Tower,-80.7087609,35.7797381
461,Garik,Giacopini,ggiacopinics@blog.com,Male,Ireland,Listowel,-9.4851741,52.4460804
462,Caitrin,Pace,cpacect@last.fm,Female,Ireland,Cluain Meala,-6.2611953,53.3881832
463,Darla,Koop,dkoopcu@auda.org.au,Polygender,Ireland,Donabate,-6.1544115,53.4855448
464,Chicky,Piquard,cpiquardcv@ca.gov,Female,Ireland,Gorey,-6.308522,52.665267
465,Hana,Sinisbury,hsinisburycw@google.ca,Female,Ireland,Sallins,-6.6633404,53.2492381
466,Gillie,Rzehorz,grzehorzcx@ning.com,Female,Ireland,Swinford,-8.9480659,53.940892
467,Cordi,Hanse,chansecy@abc.net.au,Female,Ireland,Piltown,-6.3025448,53.6920618
468,Ginelle,Greenstock,ggreenstockcz@comsenz.com,Female,Ireland,Fairview,-6.4202878,54.0026343
469,Neala,Willas,nwillasd0@psu.edu,Female,Ireland,Aghada,-8.4627451,54.25645
470,Raul,Castagna,rcastagnad1@adobe.com,Male,Ireland,Muff,-7.269174,55.0650892
471,Washington,Stammers,wstammersd2@who.int,Male,Ireland,Ballivor,-6.1191333,53.1915379
472,Robin,Vela,rvelad3@g.co,Female,Ireland,Balrothery,-6.1884248,53.5879156
473,Barbabra,Haet,bhaetd4@answers.com,Female,Ireland,Tullamore,-7.518792,53.284466
474,Nertie,Ivanov,nivanovd5@aboutads.info,Female,Ireland,Clifden,-10.022186,53.488087
475,Farand,Oswald,foswaldd6@canalblog.com,Female,Ireland,Longwood,-6.2892907,53.310122
476,Louisette,Askwith,laskwithd7@aol.com,Polygender,Ireland,Donegal,-8.5946591,54.632283
477,Kalindi,Sergeaunt,ksergeauntd8@netscape.com,Female,Ireland,Kilkenny,-7.2584,52.655184
478,Byrann,Goatcher,bgoatcherd9@meetup.com,Male,Ireland,Muff,-7.269174,55.0650892
479,Mellisent,Kleinhausen,mkleinhausenda@hostgator.com,Agender,Ireland,Ferbane,-8.4824714,51.8862378
480,Janeta,Gaskarth,jgaskarthdb@unc.edu,Female,Ireland,Moycullen,-9.159604,53.302644
481,Pauline,Stancliffe,pstancliffedc@google.cn,Female,Ireland,Clonskeagh,-6.2387374,53.3141205
482,Skippie,Edwicke,sedwickedd@com.com,Male,Ireland,Beaumont,-6.2057463,53.3870149
483,Melly,Pebworth,mpebworthde@ftc.gov,Female,Ireland,Dungloe,-6.3695384,53.3734053
484,Valaree,Halburton,vhalburtondf@stumbleupon.com,Female,Ireland,Kill,-6.5924609,53.2482376
485,Olva,Rehm,orehmdg@arstechnica.com,Female,Ireland,Dublin,-6.2427004,53.3347733
486,Moll,Kinder,mkinderdh@gmpg.org,Female,Ireland,Athlone,-7.9428197,53.4231032
487,Bernadette,Ahrenius,bahreniusdi@businessinsider.com,Female,Ireland,Bagenalstown,-6.9692181,52.7009338
488,Lennie,Jagg,ljaggdj@de.vu,Genderfluid,Ireland,Bailieborough,-6.9711886,53.916791
489,Jarad,Yewen,jyewendk@github.io,Male,Ireland,Listowel,-9.4851741,52.4460804
490,Neil,Lemary,nlemarydl@nhs.uk,Male,Ireland,Crumlin,-6.3048641,53.3284298
491,Angeli,Grimbleby,agrimblebydm@statcounter.com,Male,Ireland,Tallaght,-6.3660863,53.2874153
492,Elnore,Reavell,ereavelldn@sphinn.com,Female,Ireland,Tullyallen,-6.4241156,53.7369009
493,Erskine,Thorneley,ethorneleydo@deliciousdays.com,Male,Ireland,Enniskerry,-8.9821467,52.8498651
494,Tamarra,Bachman,tbachmandp@typepad.com,Female,Ireland,Stradbally,-8.5054897,52.7107501
495,Cobby,Lantiff,clantiffdq@go.com,Male,Ireland,Booterstown,-6.1979853,53.3046353
496,Constancy,Mitkin,cmitkindr@rakuten.co.jp,Non-binary,Ireland,Blarney,-8.8562835,53.510243
497,Tracie,Sate,tsateds@google.ca,Female,Ireland,Arklow,-8.4523258,51.880525
498,Sloane,Fortune,sfortunedt@wp.com,Male,Ireland,Sutton,-6.1097188,53.3895926
499,Douglass,Sylvaine,dsylvainedu@purevolume.com,Male,Ireland,Donnybrook,-6.2324705,53.3177535
500,Rhoda,Penright,rpenrightdv@about.com,Female,Ireland,Ballivor,-6.1191333,53.1915379
501,Sayre,Mawne,smawnedw@independent.co.uk,Male,Ireland,Stradbally,-8.5054897,52.7107501
502,Dory,Cudworth,dcudworthdx@samsung.com,Female,Ireland,Aghada,-8.4627451,54.25645
503,Manfred,Broomhead,mbroomheaddy@freewebs.com,Male,Ireland,Castlepollard,-7.2979911,53.6785169
504,Aron,Goodding,agooddingdz@goodreads.com,Male,Ireland,Kingscourt,-6.2755912,53.3500473
505,Nancey,Woods,nwoodse0@opera.com,Female,Ireland,Moville,-8.4242597,51.8910459
506,Ralph,Nacci,rnaccie1@yolasite.com,Male,Ireland,Longford,-7.8004329,53.7283566
507,Noreen,Dhenin,ndhenine2@usda.gov,Female,Ireland,Fairview,-6.4202878,54.0026343
508,Saraann,Knotte,sknottee3@elpais.com,Female,Ireland,Oranmore,-9.7359765,54.1433253
509,Antons,Dyett,adyette4@nature.com,Male,Ireland,Sandyford,-6.3422325,53.719155
510,Torrance,Denzey,tdenzeye5@senate.gov,Male,Ireland,Tuam,-8.83565,53.49417
511,Danny,Beadles,dbeadlese6@wikia.com,Male,Ireland,Aughrim,-6.366762,53.2987724
512,Tom,Gounod,tgounode7@so-net.ne.jp,Male,Ireland,Ballyhaunis,-8.7683674,53.7942932
513,Pennie,MacCumiskey,pmaccumiskeye8@mlb.com,Female,Ireland,Aughrim,-6.366762,53.2987724
514,Ansley,Christophersen,achristophersene9@wikimedia.org,Non-binary,Ireland,Shankill,-6.124065,53.231395
515,Archibold,Giannini,agianniniea@archive.org,Male,Ireland,Skibbereen,-9.268589,51.549106
516,Hermy,Brandolini,hbrandolinieb@github.io,Male,Ireland,Carrigaline,-8.3929404,51.8113447
517,Clary,Fairey,cfaireyec@oracle.com,Female,Ireland,Trá Mhór,-9.0197835,53.2736466
518,Sosanna,Arnaldi,sarnaldied@samsung.com,Female,Ireland,Aghada,-8.4627451,54.25645
519,Rhetta,Leggett,rleggettee@flavors.me,Female,Ireland,Nenagh,-8.2001004,52.86326
520,Dene,Drohun,ddrohunef@storify.com,Male,Ireland,Kildare,-6.9140788,53.169971
521,Mead,Patnelli,mpatnellieg@cam.ac.uk,Female,Ireland,Aughrim,-6.366762,53.2987724
522,Burk,Stansell,bstanselleh@dailymotion.com,Male,Ireland,Muff,-7.269174,55.0650892
523,Chryste,Conew,cconewei@china.com.cn,Female,Ireland,Sandyford,-6.3422325,53.719155
524,Agna,Cogan,acoganej@ocn.ne.jp,Female,Ireland,Thomastown,-6.7434401,53.2229873
525,Revkah,Chipping,rchippingek@over-blog.com,Female,Ireland,Castleknock,-9.0248232,53.2760162
526,Andrea,Este,aesteel@census.gov,Female,Ireland,Kill,-6.5924609,53.2482376
527,Ty,Saben,tsabenem@wordpress.com,Male,Ireland,Bailieborough,-6.9711886,53.916791
528,Bertie,Skirvane,bskirvaneen@free.fr,Male,Ireland,Ballymahon,-7.7655701,53.5650926
529,Teddie,Setterthwait,tsetterthwaiteo@stanford.edu,Male,Ireland,Trá Mhór,-9.0197835,53.2736466
530,Laurella,Lapsley,llapsleyep@europa.eu,Female,Ireland,Skerries,-6.1349155,53.5834008
531,Leroy,Frango,lfrangoeq@nsw.gov.au,Male,Ireland,Moville,-8.4242597,51.8910459
532,Faun,Wardhaugh,fwardhaugher@ezinearticles.com,Female,Ireland,Claremorris,-8.334953,51.8610022
533,William,Niesing,wniesinges@instagram.com,Male,Ireland,Cobh,-8.298942,51.848898
534,Roshelle,Colleton,rcolletonet@mashable.com,Female,Ireland,Kinsale,-6.251714,53.3169419
535,Kingsley,Vanelli,kvanellieu@ameblo.jp,Male,Ireland,Claremorris,-8.334953,51.8610022
536,Olia,Scarlet,oscarletev@deliciousdays.com,Female,Ireland,Monasterevin,-7.0625888,53.1387595
537,Gwenora,O'Driscoll,godriscollew@usatoday.com,Female,Ireland,Foxrock,-6.1011147,53.2000455
538,Manon,Streeting,mstreetingex@theglobeandmail.com,Female,Ireland,Cloyne,-6.2398782,53.32112
539,Brent,Lackmann,blackmanney@tmall.com,Male,Ireland,Rathnew,-6.374155,53.3223974
540,Siobhan,Uman,sumanez@wunderground.com,Female,Ireland,Ballyboden,-6.3049392,53.3021194
541,Alden,Huntingford,ahuntingfordf0@weather.com,Male,Ireland,Clondalkin,-6.4496384,53.3582341
542,Eben,Dicker,edickerf1@free.fr,Male,Ireland,Cobh,-8.298942,51.848898
543,Marcile,Bollans,mbollansf2@ask.com,Female,Ireland,Beaumont,-6.2057463,53.3870149
544,Francesca,Aleso,falesof3@un.org,Female,Ireland,Ballybofey,-7.74208,54.70972
545,Dori,Gallo,dgallof4@ucoz.com,Bigender,Ireland,Stradbally,-8.5054897,52.7107501
546,Matt,Johnsee,mjohnseef5@zdnet.com,Male,Ireland,Daingean,-7.1297243,52.2509369
547,Colly,Baglin,cbaglinf6@wikispaces.com,Female,Ireland,Youghal,-7.8434254,51.949401
548,Anett,Corden,acordenf7@altervista.org,Female,Ireland,Blarney,-8.8562835,53.510243
549,Carole,Dallman,cdallmanf8@csmonitor.com,Female,Ireland,Carrigaline,-8.3929404,51.8113447
550,Mervin,MacVagh,mmacvaghf9@cnet.com,Male,Ireland,Piltown,-6.3025448,53.6920618
551,Taffy,Petre,tpetrefa@wikispaces.com,Female,Ireland,Oughterard,-6.1406578,53.2886387
552,Kirstyn,Loudiane,kloudianefb@foxnews.com,Female,Ireland,Cluain Meala,-6.2611953,53.3881832
553,Yalonda,Fairholme,yfairholmefc@booking.com,Female,Ireland,Shankill,-6.124065,53.231395
554,Piotr,Cuolahan,pcuolahanfd@canalblog.com,Male,Ireland,Kill,-6.5924609,53.2482376
555,Elisabetta,Shaplin,eshaplinfe@people.com.cn,Female,Ireland,Arklow,-8.4523258,51.880525
556,Emelita,Lydiard,elydiardff@eventbrite.com,Female,Ireland,Tuam,-8.83565,53.49417
557,Nobe,Brockett,nbrockettfg@bloglovin.com,Agender,Ireland,Milltown,-7.9027266,53.4148582
558,Cathee,Weinmann,cweinmannfh@wiley.com,Genderqueer,Ireland,Oranmore,-9.7359765,54.1433253
559,Niels,MacKniely,nmacknielyfi@dot.gov,Male,Ireland,Nenagh,-8.2001004,52.86326
560,Hollie,O'Lagen,holagenfj@slate.com,Female,Ireland,Kinsale,-6.251714,53.3169419
561,Concettina,Hartle,chartlefk@unblog.fr,Female,Ireland,Skibbereen,-9.268589,51.549106
562,Dew,Cordrey,dcordreyfl@flickr.com,Male,Ireland,Dundrum,-6.2508196,53.2866372
563,Bud,Dorant,bdorantfm@lycos.com,Male,Ireland,Athlone,-7.9428197,53.4231032
564,Renault,Laurenz,rlaurenzfn@webeden.co.uk,Male,Ireland,Donnycarney,-6.218069,53.374266
565,Fields,Philipeaux,fphilipeauxfo@istockphoto.com,Male,Ireland,Cork,-8.489012,51.923707
566,Rafferty,Rickman,rrickmanfp@wikia.com,Male,Ireland,Birr,-7.9139891,53.0949398
567,Celisse,Fyrth,cfyrthfq@people.com.cn,Female,Ireland,Dromiskin,-6.4008792,53.9215606
568,Bevon,Elesander,belesanderfr@cyberchimps.com,Male,Ireland,Kinsale,-6.251714,53.3169419
569,Reinaldo,Licence,rlicencefs@yolasite.com,Male,Ireland,Bearna,-6.2340942,53.2993199
570,Jennee,Free,jfreeft@noaa.gov,Genderfluid,Ireland,Skibbereen,-9.268589,51.549106
571,Audrey,Tripean,atripeanfu@youku.com,Female,Ireland,Confey,-6.5028415,53.3806398
572,Thoma,Emblem,temblemfv@over-blog.com,Male,Ireland,Ashford,-6.3828795,53.385304
573,Link,Ramm,lrammfw@ycombinator.com,Male,Ireland,Confey,-6.5028415,53.3806398
574,Tobin,Noury,tnouryfx@yahoo.co.jp,Male,Ireland,Cloyne,-6.2398782,53.32112
575,Ally,Petrosian,apetrosianfy@imdb.com,Female,Ireland,Greystones,-6.0704904,53.1286984
576,Chandal,Berrigan,cberriganfz@tripod.com,Female,Ireland,Kinsealy-Drinan,-6.1644997,53.4266145
577,Merline,De Normanville,mdenormanvilleg0@gmpg.org,Female,Ireland,Enniskerry,-8.9821467,52.8498651
578,Selena,Cogman,scogmang1@desdev.cn,Female,Ireland,Monasterevin,-7.0625888,53.1387595
579,Emelen,Clark,eclarkg2@google.de,Male,Ireland,Kingscourt,-6.2755912,53.3500473
580,Cliff,Buckbee,cbuckbeeg3@seattletimes.com,Male,Ireland,Gorey,-6.308522,52.665267
581,Reece,Brouncker,rbrounckerg4@gizmodo.com,Male,Ireland,Ballinroad,-7.5717688,52.1045472
582,Florette,Delia,fdeliag5@narod.ru,Female,Ireland,Milltown,-7.9027266,53.4148582
583,Eleanora,Amps,eampsg6@theglobeandmail.com,Female,Ireland,Foxrock,-6.1011147,53.2000455
584,Trey,Beentjes,tbeentjesg7@yahoo.co.jp,Male,Ireland,Clogherhead,-6.2429997,53.7902634
585,Connie,Le Grand,clegrandg8@omniture.com,Male,Ireland,Crumlin,-6.3048641,53.3284298
586,Jameson,Brennand,jbrennandg9@army.mil,Male,Ireland,Gweedore,-9.0288689,53.2737147
587,Tracie,Molden,tmoldenga@123-reg.co.uk,Polygender,Ireland,Bearna,-6.2340942,53.2993199
588,Carlo,Pashbee,cpashbeegb@whitehouse.gov,Male,Ireland,Valleymount,-6.3077823,53.3655256
589,Gertruda,Argontt,gargonttgc@live.com,Female,Ireland,Muff,-7.269174,55.0650892
590,Bear,Gaunt,bgauntgd@flavors.me,Male,Ireland,Tower,-80.7087609,35.7797381
591,Rolf,Spottswood,rspottswoodge@smh.com.au,Male,Ireland,Stradbally,-8.5054897,52.7107501
592,Kerrill,Andrioletti,kandriolettigf@google.com.hk,Female,Ireland,Mullagh,-8.4977746,51.8895954
593,Tome,Randals,trandalsgg@spiegel.de,Male,Ireland,Foxrock,-6.1011147,53.2000455
594,Dian,Phython,dphythongh@vkontakte.ru,Female,Ireland,Kinlough,-6.1136478,53.2121335
595,Timmy,Bairstow,tbairstowgi@narod.ru,Female,Ireland,Mallow,-8.642661,52.1361219
596,Daphna,Oldaker,doldakergj@cloudflare.com,Female,Ireland,Crumlin,-6.3048641,53.3284298
597,Theodoric,MacTerrelly,tmacterrellygk@barnesandnoble.com,Male,Ireland,Naas,-6.67045,53.213319
598,Sheri,Kordt,skordtgl@csmonitor.com,Female,Ireland,Kildare,-6.9140788,53.169971
599,Glennie,Ludlem,gludlemgm@businesswire.com,Female,Ireland,Piltown,-6.3025448,53.6920618
600,Garnet,Muckle,gmucklegn@comsenz.com,Female,Ireland,Swinford,-8.9480659,53.940892
601,Lillis,McMearty,lmcmeartygo@ft.com,Female,Ireland,Ballybofey,-7.74208,54.70972
602,Bernie,Paraman,bparamangp@a8.net,Male,Ireland,Gweedore,-9.0288689,53.2737147
603,Devlen,Willoughby,dwilloughbygq@drupal.org,Male,Ireland,Carrigtwohill,-8.259128,51.908209
604,Fred,Gotmann,fgotmanngr@about.com,Male,Ireland,Adare,-6.176659,53.4487975
605,Sindee,Oldrey,soldreygs@bigcartel.com,Female,Ireland,Belmullet,-10.0320886,54.2223118
606,Dame,Crayker,dcraykergt@japanpost.jp,Male,Ireland,Rathdrum,-6.163027,53.2339841
607,Humfried,Nannini,hnanninigu@dailymotion.com,Male,Ireland,Gort,-8.9791425,52.8638391
608,Friedrick,Beavors,fbeavorsgv@paypal.com,Male,Ireland,Beaumont,-6.2057463,53.3870149
609,Malissa,Dykins,mdykinsgw@census.gov,Female,Ireland,Bailieborough,-6.9711886,53.916791
610,Darwin,Yeates,dyeatesgx@surveymonkey.com,Male,Ireland,Ballisodare,-8.5070436,54.2109904
611,Sloan,Hutton,shuttongy@ucoz.com,Male,Ireland,Ballivor,-6.1191333,53.1915379
612,Karyl,Carcas,kcarcasgz@mozilla.com,Female,Ireland,Lusk,-6.1535181,53.5220275
613,Bentley,Jillett,bjilletth0@irs.gov,Male,Ireland,Kinlough,-6.1136478,53.2121335
614,Christiano,Morando,cmorandoh1@utexas.edu,Male,Ireland,Foxrock,-6.1011147,53.2000455
615,Melba,Reignolds,mreignoldsh2@twitter.com,Female,Ireland,Bantry,-9.448724,51.680591
616,Marinna,Cordet,mcordeth3@instagram.com,Female,Ireland,Daingean,-7.1297243,52.2509369
617,Arthur,Rosenhaupt,arosenhaupth4@macromedia.com,Male,Ireland,Killumney,-8.6340751,52.6638144
618,Melisenda,Kibbye,mkibbyeh5@mlb.com,Female,Ireland,Malahide,-6.1479779,53.450694
619,Meier,Crosfield,mcrosfieldh6@de.vu,Male,Ireland,Ballymun,-6.264963,53.3897152
620,Iago,Lyons,ilyonsh7@prnewswire.com,Polygender,Ireland,Ratoath,-6.4671298,53.5050031
621,Kori,Hurlestone,khurlestoneh8@sciencedaily.com,Female,Ireland,Cill Airne,-6.2890702,53.3201497
622,Jess,Phelan,jphelanh9@flickr.com,Male,Ireland,Prosperous,-6.7515223,53.2888321
623,Loree,Carrack,lcarrackha@youtu.be,Female,Ireland,Clifden,-10.022186,53.488087
624,Malissia,Colnett,mcolnetthb@acquirethisname.com,Female,Ireland,Ballymahon,-7.7655701,53.5650926
625,Micheil,Vakhrushev,mvakhrushevhc@etsy.com,Male,Ireland,Ballybofey,-7.74208,54.70972
626,Bobby,Wile,bwilehd@netvibes.com,Male,Ireland,Ballylinan,-7.0472382,52.9480781
627,Anne,Wackett,awacketthe@time.com,Female,Ireland,Bearna,-6.2340942,53.2993199
628,Parsifal,Awdry,pawdryhf@adobe.com,Male,Ireland,Ratoath,-6.4671298,53.5050031
629,Faye,Kops,fkopshg@chronoengine.com,Female,Ireland,Kinlough,-6.1136478,53.2121335
630,Harland,O'Lochan,holochanhh@sun.com,Male,Ireland,Old Kilcullen,-6.7449927,53.1310185
631,Remington,Regelous,rregeloushi@elegantthemes.com,Male,Ireland,Navan,-6.313755,53.366736
632,Jessalyn,Woodhouse,jwoodhousehj@multiply.com,Genderqueer,Ireland,Kilkenny,-7.2584,52.655184
633,Brunhilda,Crighten,bcrightenhk@webeden.co.uk,Female,Ireland,Ferbane,-8.4824714,51.8862378
634,Greta,Sjollema,gsjollemahl@privacy.gov.au,Female,Ireland,Sallins,-6.6633404,53.2492381
635,Kimmi,Meake,kmeakehm@forbes.com,Female,Ireland,Cill Airne,-6.2890702,53.3201497
636,Brandyn,Alvis,balvishn@sfgate.com,Male,Ireland,Oughterard,-6.1406578,53.2886387
637,Rowland,Stobie,rstobieho@cnbc.com,Male,Ireland,Cashel,-7.888894,52.516323
638,Anthiathia,Barnet,abarnethp@joomla.org,Agender,Ireland,Carrigaline,-8.3929404,51.8113447
639,Somerset,Rustadge,srustadgehq@hc360.com,Male,Ireland,Greystones,-6.0704904,53.1286984
640,Jud,Ledgard,jledgardhr@ed.gov,Male,Ireland,Fairview,-6.4202878,54.0026343
641,Ansley,Pailin,apailinhs@merriam-webster.com,Female,Ireland,Enniskerry,-8.9821467,52.8498651
642,Denney,Folkerts,dfolkertsht@ifeng.com,Male,Ireland,Ballymahon,-7.7655701,53.5650926
643,Georgie,Ahrend,gahrendhu@google.com.br,Female,Ireland,Shankill,-6.124065,53.231395
644,Charyl,Linskill,clinskillhv@ebay.com,Non-binary,Ireland,Ballinteer,-6.2554371,53.2767301
645,Paulita,Shurman,pshurmanhw@theatlantic.com,Female,Ireland,Portarlington,-7.185387,53.158984
646,Dwain,MacMickan,dmacmickanhx@ca.gov,Male,Ireland,Kildare,-6.9140788,53.169971
647,Berty,Pethrick,bpethrickhy@deliciousdays.com,Male,Ireland,Birr,-7.9139891,53.0949398
648,Talya,Pelling,tpellinghz@newyorker.com,Female,Ireland,Blessington,-8.5111664,51.8858819
649,Cecilla,Crips,ccripsi0@chronoengine.com,Female,Ireland,Blessington,-8.5111664,51.8858819
650,Scott,Peeke,speekei1@blogs.com,Male,Ireland,Kinnegad,-9.1327273,53.806868
651,Verney,Saura,vsaurai2@hc360.com,Male,Ireland,Edgeworthstown,-7.606287,53.6972399
652,Charlotte,Guilaem,cguilaemi3@irs.gov,Female,Ireland,Ballylinan,-7.0472382,52.9480781
653,Ripley,Shirtliff,rshirtliffi4@google.com.br,Male,Ireland,Ratoath,-6.4671298,53.5050031
654,Thadeus,McLay,tmclayi5@over-blog.com,Male,Ireland,Kilkenny,-7.2584,52.655184
655,Dru,Powder,dpowderi6@ft.com,Male,Ireland,Donnycarney,-6.218069,53.374266
656,Devina,Jalland,djallandi7@photobucket.com,Female,Ireland,Shankill,-6.124065,53.231395
657,Mariele,Albin,malbini8@webmd.com,Female,Ireland,Ballybofey,-7.74208,54.70972
658,Bentley,Lidster,blidsteri9@bigcartel.com,Male,Ireland,Glasnevin,-6.266734,53.3829319
659,Ivy,Kempson,ikempsonia@photobucket.com,Female,Ireland,Watergrasshill,-8.337871,52.0097259
660,Dorthea,Peniello,dpenielloib@opera.com,Female,Ireland,Tullamore,-7.518792,53.284466
661,Adelheid,Woodus,awoodusic@cpanel.net,Female,Ireland,Monkstown,-8.9775014,52.8314927
662,Josselyn,Bussey,jbusseyid@narod.ru,Female,Ireland,Gorey,-6.308522,52.665267
663,Bennett,Adderson,baddersonie@yelp.com,Male,Ireland,Kinlough,-6.1136478,53.2121335
664,Sapphire,Keepin,skeepinif@flavors.me,Female,Ireland,Dunmanway,-9.1115941,51.7203863
665,Ruddy,Corneille,rcorneilleig@posterous.com,Male,Ireland,Tower,-80.7087609,35.7797381
666,Nelson,Krook,nkrookih@nifty.com,Male,Ireland,Donegal,-8.5946591,54.632283
667,Cherish,Pobjoy,cpobjoyii@cdc.gov,Female,Ireland,Nenagh,-8.2001004,52.86326
668,Christoper,Winchcum,cwinchcumij@sakura.ne.jp,Male,Ireland,Kill,-6.5924609,53.2482376
669,Katuscha,Hadgraft,khadgraftik@dropbox.com,Female,Ireland,Killumney,-8.6340751,52.6638144
670,Elinor,Garfit,egarfitil@house.gov,Female,Ireland,Daingean,-7.1297243,52.2509369
671,Lib,Simonou,lsimonouim@1und1.de,Genderfluid,Ireland,Dungarvan,-6.1822287,53.3788495
672,Joline,Courvert,jcourvertin@skype.com,Female,Ireland,Castlebellingham,-6.391149,53.8996586
673,Bernard,Kinloch,bkinlochio@studiopress.com,Male,Ireland,Tullyallen,-6.4241156,53.7369009
674,Maynard,Klempke,mklempkeip@shinystat.com,Male,Ireland,Cluain Meala,-6.2611953,53.3881832
675,Tammi,Wreiford,twreifordiq@vkontakte.ru,Female,Ireland,Rathwire,-7.145971,53.508326
676,Francene,Brandrick,fbrandrickir@tiny.cc,Female,Ireland,Castlepollard,-7.2979911,53.6785169
677,Philipa,Redmore,predmoreis@parallels.com,Female,Ireland,Castleblayney,-6.64937,54.10269
678,Rutger,Langran,rlangranit@opensource.org,Male,Ireland,Askeaton,-8.9706844,52.6004448
679,Randi,Huish,rhuishiu@fda.gov,Female,Ireland,Templeogue,-6.3219759,53.2976886
680,Norrie,Eric,nericiv@altervista.org,Female,Ireland,Cluain Meala,-6.2611953,53.3881832
681,Rustin,Pollard,rpollardiw@comcast.net,Male,Ireland,Ratoath,-6.4671298,53.5050031
682,Oran,Bradburne,obradburneix@unblog.fr,Male,Ireland,Rathangan,-6.9898366,53.2265199
683,Ralph,Honnan,rhonnaniy@surveymonkey.com,Male,Ireland,Cluain Meala,-6.2611953,53.3881832
684,Vanna,Doge,vdogeiz@1688.com,Female,Ireland,Youghal,-7.8434254,51.949401
685,Catherine,Braban,cbrabanj0@hubpages.com,Female,Ireland,Athy,-6.9858993,53.0018699
686,Mill,Andreolli,mandreollij1@dyndns.org,Male,Ireland,Ardee,-8.4784945,51.8815586
687,Nikolaus,Mays,nmaysj2@lulu.com,Male,Ireland,Dalkey,-6.1072403,53.2780047
688,Dot,McGeouch,dmcgeouchj3@163.com,Non-binary,Ireland,Booterstown,-6.1979853,53.3046353
689,Ellynn,Skouling,eskoulingj4@apple.com,Female,Ireland,Whitegate,-6.3539424,53.3666338
690,Ransom,Votier,rvotierj5@archive.org,Male,Ireland,Ballybofey,-7.74208,54.70972
691,Addi,Brice,abricej6@salon.com,Female,Ireland,Virginia,-6.2633149,53.377533
692,Tynan,MacGeaney,tmacgeaneyj7@columbia.edu,Non-binary,Ireland,Farranacoush,-8.5171384,51.876873
693,Constance,Vaissiere,cvaissierej8@posterous.com,Female,Ireland,Killorglin,-9.7850991,52.1058991
694,Karlens,Davidovsky,kdavidovskyj9@nymag.com,Male,Ireland,Kinnegad,-9.1327273,53.806868
695,Mal,Parnby,mparnbyja@google.fr,Male,Ireland,Macroom,-8.958931,51.904635
696,Alano,Packham,apackhamjb@google.it,Male,Ireland,Carrigaline,-8.3929404,51.8113447
697,Keen,McGreal,kmcgrealjc@hc360.com,Male,Ireland,Navan,-6.313755,53.366736
698,Nealon,Thoma,nthomajd@liveinternet.ru,Male,Ireland,Bailieborough,-6.9711886,53.916791
699,Lonna,Cocker,lcockerje@arizona.edu,Female,Ireland,Youghal,-7.8434254,51.949401
700,Sophronia,Matthias,smatthiasjf@businessweek.com,Female,Ireland,Cabinteely,-6.1603828,53.2599034
701,Del,Trunkfield,dtrunkfieldjg@thetimes.co.uk,Female,Ireland,Lusk,-6.1535181,53.5220275
702,Monte,Gebbe,mgebbejh@elpais.com,Non-binary,Ireland,Bagenalstown,-6.9692181,52.7009338
703,Bobbi,Doyle,bdoyleji@163.com,Female,Ireland,Dundrum,-6.2508196,53.2866372
704,Eolande,De Caville,edecavillejj@purevolume.com,Female,Ireland,Lucan,-9.4904891,52.6396679
705,Creighton,Postle,cpostlejk@discuz.net,Male,Ireland,Rathdrum,-6.163027,53.2339841
706,Olivier,Bettleson,obettlesonjl@zimbio.com,Male,Ireland,Bagenalstown,-6.9692181,52.7009338
707,Denice,Bellwood,dbellwoodjm@theguardian.com,Female,Ireland,Kilmacanoge,-6.139018,53.171935
708,Nerti,Cavet,ncavetjn@cocolog-nifty.com,Female,Ireland,Cherryville,-7.1111732,52.2513095
709,Cyb,Kelsey,ckelseyjo@netlog.com,Female,Ireland,Youghal,-7.8434254,51.949401
710,Keriann,Thomerson,kthomersonjp@vk.com,Female,Ireland,Templeogue,-6.3219759,53.2976886
711,Mortimer,Whitbread,mwhitbreadjq@ucoz.ru,Male,Ireland,Skerries,-6.1349155,53.5834008
712,Richard,Louden,rloudenjr@vinaora.com,Male,Ireland,Booterstown,-6.1979853,53.3046353
713,Celestine,M'Quharg,cmquhargjs@deliciousdays.com,Female,Ireland,Cabinteely,-6.1603828,53.2599034
714,Hedy,Prop,hpropjt@digg.com,Female,Ireland,Ballivor,-6.1191333,53.1915379
715,Aymer,Shillaker,ashillakerju@java.com,Male,Ireland,Ballyboden,-6.3049392,53.3021194
716,Jennilee,Feavearyear,jfeavearyearjv@soup.io,Female,Ireland,Tullyallen,-6.4241156,53.7369009
717,Neda,Rablan,nrablanjw@msn.com,Female,Ireland,Donegal,-8.5946591,54.632283
718,Emmerich,MacCaghan,emaccaghanjx@phpbb.com,Male,Ireland,Clifden,-10.022186,53.488087
719,Welch,Tiffney,wtiffneyjy@usnews.com,Male,Ireland,Dún Laoghaire,-6.133718,53.291512
720,Weidar,Stanbro,wstanbrojz@seesaa.net,Male,Ireland,Dalkey,-6.1072403,53.2780047
721,Jocelin,Shedd,jsheddk0@sun.com,Female,Ireland,Blessington,-8.5111664,51.8858819
722,Phillipe,Olivetti,polivettik1@skype.com,Male,Ireland,Rathnew,-6.374155,53.3223974
723,Meryl,Ledington,mledingtonk2@creativecommons.org,Male,Ireland,Rathangan,-6.9898366,53.2265199
724,Sacha,Chapiro,schapirok3@qq.com,Female,Ireland,Kinnegad,-9.1327273,53.806868
725,Laurianne,Le Fleming,lleflemingk4@w3.org,Female,Ireland,Dunlewy,-6.1157412,53.2774963
726,Griffy,Skewis,gskewisk5@bigcartel.com,Non-binary,Ireland,Castlebellingham,-6.391149,53.8996586
727,Millicent,Schanke,mschankek6@about.com,Female,Ireland,Carrigaline,-8.3929404,51.8113447
728,Lutero,Runchman,lrunchmank7@biblegateway.com,Male,Ireland,Old Kilcullen,-6.7449927,53.1310185
729,Norby,Garvie,ngarviek8@ezinearticles.com,Male,Ireland,Monasterevin,-7.0625888,53.1387595
730,Valene,Haliday,vhalidayk9@yahoo.co.jp,Female,Ireland,Clondalkin,-6.4496384,53.3582341
731,Ranna,Coom,rcoomka@webs.com,Polygender,Ireland,Portarlington,-7.185387,53.158984
732,Roselia,Jacketts,rjackettskb@php.net,Female,Ireland,Ballyhaunis,-8.7683674,53.7942932
733,Paulo,Lindenblatt,plindenblattkc@qq.com,Male,Ireland,Lusk,-6.1535181,53.5220275
734,Ailyn,Crufts,acruftskd@sogou.com,Female,Ireland,Ardee,-8.4784945,51.8815586
735,Clarance,Shepland,csheplandke@miibeian.gov.cn,Male,Ireland,Donabate,-6.1544115,53.4855448
736,Kirstin,Gerren,kgerrenkf@samsung.com,Female,Ireland,Edgeworthstown,-7.606287,53.6972399
737,Fons,McGiven,fmcgivenkg@google.it,Male,Ireland,Cherryville,-7.1111732,52.2513095
738,Dorise,Pannett,dpannettkh@51.la,Female,Ireland,Dunleer,-8.5176583,51.8863277
739,Wendi,Sackey,wsackeyki@blogs.com,Female,Ireland,Farranacoush,-8.5171384,51.876873
740,Kori,Lanphier,klanphierkj@ox.ac.uk,Female,Ireland,Rathangan,-6.9898366,53.2265199
741,Dominik,Weber,dweberkk@ucsd.edu,Genderfluid,Ireland,Cobh,-8.298942,51.848898
742,Ysabel,Lademann,ylademannkl@goo.gl,Female,Ireland,Donabate,-6.1544115,53.4855448
743,Burg,McGaugan,bmcgaugankm@about.me,Male,Ireland,Dromiskin,-6.4008792,53.9215606
744,Chiarra,Cassey,ccasseykn@deviantart.com,Female,Ireland,Annacotty,-8.5369154,52.6681994
745,Beatrix,Baggalley,bbaggalleyko@sina.com.cn,Female,Ireland,Muff,-7.269174,55.0650892
746,August,Bradder,abradderkp@telegraph.co.uk,Male,Ireland,Castleblayney,-6.64937,54.10269
747,Merill,Jamison,mjamisonkq@thetimes.co.uk,Male,Ireland,Booterstown,-6.1979853,53.3046353
748,Gilberto,Charpling,gcharplingkr@soup.io,Male,Ireland,Swinford,-8.9480659,53.940892
749,Lynelle,Doerrling,ldoerrlingks@amazon.com,Female,Ireland,Moycullen,-9.159604,53.302644
750,Olenka,Faltin,ofaltinkt@sciencedirect.com,Female,Ireland,Crumlin,-6.3048641,53.3284298
751,Lenna,Gobbett,lgobbettku@google.com.hk,Female,Ireland,Mullagh,-8.4977746,51.8895954
752,Cinda,Concklin,cconcklinkv@dailymail.co.uk,Bigender,Ireland,Adare,-6.176659,53.4487975
753,Jordan,Kalinsky,jkalinskykw@microsoft.com,Female,Ireland,Rathnew,-6.374155,53.3223974
754,Gabrila,Truluck,gtruluckkx@state.tx.us,Female,Ireland,Stradbally,-8.5054897,52.7107501
755,Kanya,Brough,kbroughky@thetimes.co.uk,Female,Ireland,Drumcondra,-8.445614,51.8885086
756,Pauly,Annatt,pannattkz@aboutads.info,Female,Ireland,Bantry,-9.448724,51.680591
757,Isac,Challens,ichallensl0@wix.com,Male,Ireland,Belmullet,-10.0320886,54.2223118
758,Felix,Olver,folverl1@apache.org,Male,Ireland,Ballyhaunis,-8.7683674,53.7942932
759,Bernete,Erasmus,berasmusl2@so-net.ne.jp,Female,Ireland,Balrothery,-6.1884248,53.5879156
760,Maitilde,Duval,mduvall3@xrea.com,Female,Ireland,Claremorris,-8.334953,51.8610022
761,Byron,Baddow,bbaddowl4@sfgate.com,Male,Ireland,Rathdrum,-6.163027,53.2339841
762,Joan,Cooke,jcookel5@furl.net,Bigender,Ireland,Clondalkin,-6.4496384,53.3582341
763,Aryn,Winship,awinshipl6@nhs.uk,Female,Ireland,Tallaght,-6.3660863,53.2874153
764,Amitie,Piller,apillerl7@flavors.me,Female,Ireland,Moycullen,-9.159604,53.302644
765,Zed,Syratt,zsyrattl8@github.io,Male,Ireland,Sutton,-6.1097188,53.3895926
766,Ellyn,Bartholin,ebartholinl9@w3.org,Female,Ireland,Clones,-7.2314132,54.1794814
767,Caryn,Dugmore,cdugmorela@pcworld.com,Female,Ireland,Raphoe,-8.2755058,52.2627273
768,Anatola,Luto,alutolb@eepurl.com,Female,Ireland,Ashbourne,-6.1215213,53.2724538
769,Huntington,Cracker,hcrackerlc@live.com,Male,Ireland,Coolock,-6.1920933,53.3916434
770,Petronille,Kobiela,pkobielald@china.com.cn,Female,Ireland,Clones,-7.2314132,54.1794814
771,Tobin,Ruske,truskele@mapy.cz,Male,Ireland,Ashford,-6.3828795,53.385304
772,Nahum,Jaques,njaqueslf@dailymotion.com,Male,Ireland,Clondalkin,-6.4496384,53.3582341
773,Benni,MacPhaden,bmacphadenlg@g.co,Female,Ireland,Watergrasshill,-8.337871,52.0097259
774,Inglis,Jelfs,ijelfslh@toplist.cz,Male,Ireland,Bearna,-6.2340942,53.2993199
775,Vivi,Shills,vshillsli@yale.edu,Female,Ireland,Bagenalstown,-6.9692181,52.7009338
776,Shaine,Ferne,sfernelj@hexun.com,Male,Ireland,Malahide,-6.1479779,53.450694
777,Roy,Cosgry,rcosgrylk@altervista.org,Genderqueer,Ireland,Ratoath,-6.4671298,53.5050031
778,Doreen,Bentke,dbentkell@spotify.com,Female,Ireland,Ballylinan,-7.0472382,52.9480781
779,Happy,Vina,hvinalm@privacy.gov.au,Female,Ireland,Cobh,-8.298942,51.848898
780,Homer,Garmey,hgarmeyln@angelfire.com,Male,Ireland,Monaghan,-7.0943023,54.2694844
781,Murielle,Billison,mbillisonlo@msn.com,Female,Ireland,Foxrock,-6.1011147,53.2000455
782,Tonia,McVanamy,tmcvanamylp@nytimes.com,Bigender,Ireland,Kildare,-6.9140788,53.169971
783,Gilbert,Janney,gjanneylq@dailymail.co.uk,Male,Ireland,Valleymount,-6.3077823,53.3655256
784,Gene,Tomaello,gtomaellolr@theglobeandmail.com,Male,Ireland,Tuam,-8.83565,53.49417
785,Leone,Campanelli,lcampanellils@uiuc.edu,Female,Ireland,Nenagh,-8.2001004,52.86326
786,Brier,Rens,brenslt@theatlantic.com,Female,Ireland,Valleymount,-6.3077823,53.3655256
787,Beck,Wear,bwearlu@npr.org,Polygender,Ireland,Tullamore,-7.518792,53.284466
788,Aurea,Kingsford,akingsfordlv@nymag.com,Bigender,Ireland,Monaghan,-7.0943023,54.2694844
789,Riccardo,Lecordier,rlecordierlw@delicious.com,Male,Ireland,Killorglin,-9.7850991,52.1058991
790,Leena,Stenet,lstenetlx@bizjournals.com,Female,Ireland,Donabate,-6.1544115,53.4855448
791,Stavro,Lovering,sloveringly@macromedia.com,Male,Ireland,Belmullet,-10.0320886,54.2223118
792,Jud,Stegel,jstegellz@unicef.org,Male,Ireland,Monasterevin,-7.0625888,53.1387595
793,Shell,Tillerton,stillertonm0@usgs.gov,Male,Ireland,Watergrasshill,-8.337871,52.0097259
794,Ilyssa,Kubis,ikubism1@moonfruit.com,Female,Ireland,Confey,-6.5028415,53.3806398
795,Mervin,Jedrysik,mjedrysikm2@live.com,Male,Ireland,Loughrea,-6.3506335,53.2911347
796,Husein,Claremont,hclaremontm3@oracle.com,Male,Ireland,Kill,-6.5924609,53.2482376
797,Turner,McDaid,tmcdaidm4@squidoo.com,Male,Ireland,Castlepollard,-7.2979911,53.6785169
798,Zane,Iori,ziorim5@wufoo.com,Male,Ireland,Monkstown,-8.9775014,52.8314927
799,Sarine,McCome,smccomem6@alexa.com,Female,Ireland,Tuam,-8.83565,53.49417
800,Constantino,Fuente,cfuentem7@elpais.com,Male,Ireland,Prosperous,-6.7515223,53.2888321
801,Jameson,Attwoul,jattwoulm8@fc2.com,Genderqueer,Ireland,Boyle,-8.2969737,53.9735591
802,Ashbey,Feake,afeakem9@shop-pro.jp,Male,Ireland,Tower,-80.7087609,35.7797381
803,Otho,Howle,ohowlema@walmart.com,Male,Ireland,Charlesland,-6.0690645,53.1257486
804,Krystle,Amies,kamiesmb@live.com,Female,Ireland,Rathnew,-6.374155,53.3223974
805,Winthrop,Cersey,wcerseymc@europa.eu,Male,Ireland,Carrigaline,-8.3929404,51.8113447
806,Rory,Dockree,rdockreemd@mail.ru,Female,Ireland,Malahide,-6.1479779,53.450694
807,Annabelle,Mutch,amutchme@oracle.com,Female,Ireland,Swinford,-8.9480659,53.940892
808,Thomasa,Perring,tperringmf@yahoo.co.jp,Female,Ireland,Cloyne,-6.2398782,53.32112
809,Jasen,Pawellek,jpawellekmg@salon.com,Male,Ireland,Donnybrook,-6.2324705,53.3177535
810,Amelina,Slegg,asleggmh@jimdo.com,Female,Ireland,Beaumont,-6.2057463,53.3870149
811,Hermie,Dade,hdademi@angelfire.com,Male,Ireland,Sandyford,-6.3422325,53.719155
812,Addy,Blandford,ablandfordmj@va.gov,Male,Ireland,Balally,-6.5899765,52.176031
813,Linet,Broggini,lbrogginimk@engadget.com,Female,Ireland,Mallow,-8.642661,52.1361219
814,Derick,Kleint,dkleintml@dyndns.org,Agender,Ireland,Oughterard,-6.1406578,53.2886387
815,Marlowe,Roderham,mroderhammm@msu.edu,Male,Ireland,Sandyford,-6.3422325,53.719155
816,Ernest,Ixor,eixormn@microsoft.com,Male,Ireland,Youghal,-7.8434254,51.949401
817,Prudence,Gravie,pgraviemo@washington.edu,Female,Ireland,Donnybrook,-6.2324705,53.3177535
818,Kristopher,Jewers,kjewersmp@gizmodo.com,Male,Ireland,Kinlough,-6.1136478,53.2121335
819,Becki,Pipkin,bpipkinmq@cafepress.com,Non-binary,Ireland,Castlemartyr,-8.05,51.9166667
820,Maryjo,Kun,mkunmr@cafepress.com,Female,Ireland,Templeogue,-6.3219759,53.2976886
821,Harlin,Suddards,hsuddardsms@ebay.com,Male,Ireland,Tuam,-8.83565,53.49417
822,Brandea,Cartwight,bcartwightmt@tripadvisor.com,Female,Ireland,Swinford,-8.9480659,53.940892
823,Coralie,St Leger,cstlegermu@prlog.org,Female,Ireland,Ballina,-9.151825,54.11215
824,Janene,Chomley,jchomleymv@jugem.jp,Female,Ireland,Midleton,-8.1722173,51.9138694
825,Neely,Keeney,nkeeneymw@nyu.edu,Female,Ireland,Gorey,-6.308522,52.665267
826,Sergio,Guyonneau,sguyonneaumx@comsenz.com,Agender,Ireland,Cill Airne,-6.2890702,53.3201497
827,Tam,Tummond,ttummondmy@usda.gov,Male,Ireland,Monaghan,-7.0943023,54.2694844
828,Mindy,Bullion,mbullionmz@tinypic.com,Female,Ireland,Boyle,-8.2969737,53.9735591
829,Hurleigh,Sictornes,hsictornesn0@51.la,Male,Ireland,Dalkey,-6.1072403,53.2780047
830,Sandy,Hansberry,shansberryn1@meetup.com,Female,Ireland,Navan,-6.313755,53.366736
831,Rudolf,Abbs,rabbsn2@lulu.com,Male,Ireland,Clifden,-10.022186,53.488087
832,Correy,Brocklebank,cbrocklebankn3@bizjournals.com,Male,Ireland,Athlone,-7.9428197,53.4231032
833,Kendall,Comar,kcomarn4@ftc.gov,Male,Ireland,Kilcullen,-8.5047067,51.8830697
834,Jesselyn,Ruddy,jruddyn5@bloomberg.com,Polygender,Ireland,Killumney,-8.6340751,52.6638144
835,Shandee,Burden,sburdenn6@i2i.jp,Female,Ireland,Tuam,-8.83565,53.49417
836,Sylvester,Eastope,seastopen7@google.de,Male,Ireland,Dún Laoghaire,-6.133718,53.291512
837,Sybyl,Spacey,sspaceyn8@ifeng.com,Female,Ireland,Rathnew,-6.374155,53.3223974
838,Stacee,Clemencon,sclemenconn9@un.org,Female,Ireland,Dún Laoghaire,-6.133718,53.291512
839,Gwyn,Bettaney,gbettaneyna@w3.org,Female,Ireland,Longwood,-6.2892907,53.310122
840,Ignace,Thynn,ithynnnb@shareasale.com,Male,Ireland,Fairview,-6.4202878,54.0026343
841,Alethea,Meech,ameechnc@mail.ru,Female,Ireland,Swinford,-8.9480659,53.940892
842,Lancelot,Mussolini,lmussolinind@booking.com,Male,Ireland,Moate,-6.1942058,53.3604483
843,Harmon,Maplethorpe,hmaplethorpene@youtu.be,Male,Ireland,Milltown,-7.9027266,53.4148582
844,Lindsy,Wiffill,lwiffillnf@ezinearticles.com,Female,Ireland,Ballymun,-6.264963,53.3897152
845,Pascal,Di Gregorio,pdigregoriong@newsvine.com,Male,Ireland,Dublin,-6.2427004,53.3347733
846,Gretta,Cossell,gcossellnh@myspace.com,Female,Ireland,Birr,-7.9139891,53.0949398
847,Lisette,Wilton,lwiltonni@liveinternet.ru,Female,Ireland,Muff,-7.269174,55.0650892
848,Bernardine,Barme,bbarmenj@harvard.edu,Female,Ireland,Ballinroad,-7.5717688,52.1045472
849,Kandace,Venes,kvenesnk@patch.com,Female,Ireland,Birr,-7.9139891,53.0949398
850,Lanna,Nibley,lnibleynl@cargocollective.com,Female,Ireland,Kinlough,-6.1136478,53.2121335
851,Lucais,Beadel,lbeadelnm@usgs.gov,Male,Ireland,Coolock,-6.1920933,53.3916434
852,Allyn,Carlaw,acarlawnn@businessinsider.com,Male,Ireland,Midleton,-8.1722173,51.9138694
853,Zerk,Oxford,zoxfordno@squidoo.com,Male,Ireland,Malahide,-6.1479779,53.450694
854,Bary,Eskriett,beskriettnp@usa.gov,Male,Ireland,Cherryville,-7.1111732,52.2513095
855,Lou,Peeke-Vout,lpeekevoutnq@google.com.au,Male,Ireland,Moycullen,-9.159604,53.302644
856,Arline,Scoffham,ascoffhamnr@fda.gov,Female,Ireland,Cill Airne,-6.2890702,53.3201497
857,Prisca,Roby,probyns@princeton.edu,Female,Ireland,Dundrum,-6.2508196,53.2866372
858,Benoit,Hullin,bhullinnt@cbslocal.com,Male,Ireland,Ardee,-8.4784945,51.8815586
859,Dayle,Larcher,dlarchernu@miibeian.gov.cn,Female,Ireland,Donnycarney,-6.218069,53.374266
860,Major,Kingsland,mkingslandnv@goo.ne.jp,Male,Ireland,Portumna,-8.2215941,53.0917381
861,Rees,Spadari,rspadarinw@altervista.org,Genderfluid,Ireland,Dunlewy,-6.1157412,53.2774963
862,Edsel,Pauncefoot,epauncefootnx@dailymotion.com,Male,Ireland,Confey,-6.5028415,53.3806398
863,Lemuel,Crumby,lcrumbyny@i2i.jp,Male,Ireland,Arklow,-8.4523258,51.880525
864,Alard,Garshore,agarshorenz@usatoday.com,Male,Ireland,Balrothery,-6.1884248,53.5879156
865,Jobye,Munday,jmundayo0@independent.co.uk,Female,Ireland,Fermoy,-9.5003786,52.4458588
866,Tessa,Trawin,ttrawino1@ca.gov,Female,Ireland,Caherconlish,-8.3545704,52.5593605
867,Vale,Fearns,vfearnso2@usa.gov,Male,Ireland,Castleblayney,-6.64937,54.10269
868,Vasily,Dryburgh,vdryburgho3@php.net,Male,Ireland,Ballyjamesduff,-7.086877,53.8363325
869,Eugenia,Couve,ecouveo4@google.com.au,Female,Ireland,Ballybofey,-7.74208,54.70972
870,Boyce,Peverell,bpeverello5@over-blog.com,Male,Ireland,Cill Airne,-6.2890702,53.3201497
871,Aeriell,Gutcher,agutchero6@scientificamerican.com,Female,Ireland,Monasterevin,-7.0625888,53.1387595
872,Spence,Fell,sfello7@narod.ru,Male,Ireland,Lusk,-6.1535181,53.5220275
873,Loy,Mahaddy,lmahaddyo8@prnewswire.com,Male,Ireland,Carrigaline,-8.3929404,51.8113447
874,Clerkclaude,Fairrie,cfairrieo9@patch.com,Male,Ireland,Tullyallen,-6.4241156,53.7369009
875,Verney,Eggins,vegginsoa@statcounter.com,Male,Ireland,Carrigaline,-8.3929404,51.8113447
876,Matt,Garr,mgarrob@com.com,Male,Ireland,Belmullet,-10.0320886,54.2223118
877,Michel,Stamps,mstampsoc@oracle.com,Male,Ireland,Virginia,-6.2633149,53.377533
878,Ruddy,Hartles,rhartlesod@typepad.com,Male,Ireland,Ballyboden,-6.3049392,53.3021194
879,Frederich,Durdan,fdurdanoe@histats.com,Male,Ireland,Youghal,-7.8434254,51.949401
880,Rozella,Moretto,rmorettoof@nydailynews.com,Female,Ireland,Manorhamilton,-8.1722002,54.3051891
881,Friedrich,Goody,fgoodyog@businessweek.com,Male,Ireland,Granard,-7.5011999,53.776647
882,Penn,Mowling,pmowlingoh@bloglovin.com,Male,Ireland,Dundrum,-6.2508196,53.2866372
883,Shelley,Cuffe,scuffeoi@yale.edu,Bigender,Ireland,Cherryville,-7.1111732,52.2513095
884,Griffin,Hayward,ghaywardoj@wsj.com,Male,Ireland,Booterstown,-6.1979853,53.3046353
885,Westleigh,Tarquinio,wtarquiniook@jigsy.com,Male,Ireland,Cobh,-8.298942,51.848898
886,Brittan,Collington,bcollingtonol@ycombinator.com,Female,Ireland,Cashel,-7.888894,52.516323
887,Sean,Maddin,smaddinom@parallels.com,Male,Ireland,Moycullen,-9.159604,53.302644
888,Ashton,Kornyshev,akornyshevon@answers.com,Polygender,Ireland,Charlesland,-6.0690645,53.1257486
889,Davey,Gasquoine,dgasquoineoo@bloglovin.com,Male,Ireland,Edgeworthstown,-7.606287,53.6972399
890,Nathaniel,Caddie,ncaddieop@rakuten.co.jp,Male,Ireland,Dundrum,-6.2508196,53.2866372
891,Lynn,Bruntje,lbruntjeoq@redcross.org,Female,Ireland,Portumna,-8.2215941,53.0917381
892,Knox,Blackbrough,kblackbroughor@mail.ru,Male,Ireland,Greenhills,-6.336393,53.3122864
893,Roshelle,Yerby,ryerbyos@abc.net.au,Female,Ireland,Swinford,-8.9480659,53.940892
894,Jacklyn,Melbourne,jmelbourneot@1und1.de,Female,Ireland,Kilcullen,-8.5047067,51.8830697
895,Franklyn,Astell,fastellou@diigo.com,Bigender,Ireland,Rathangan,-6.9898366,53.2265199
896,Bert,Leftbridge,bleftbridgeov@wufoo.com,Male,Ireland,Kilkenny,-7.2584,52.655184
897,Georgina,Badcock,gbadcockow@hostgator.com,Female,Ireland,Boyle,-8.2969737,53.9735591
898,Sigvard,Dilkes,sdilkesox@ebay.co.uk,Male,Ireland,Watergrasshill,-8.337871,52.0097259
899,Constantino,Gooly,cgoolyoy@oracle.com,Male,Ireland,Eadestown,-6.590926,53.1936864
900,Wolf,Eddies,weddiesoz@noaa.gov,Male,Ireland,Oranmore,-9.7359765,54.1433253
901,Meade,Heugel,mheugelp0@php.net,Female,Ireland,Tralee,-7.0833118,52.2413206
902,Ursola,Restorick,urestorickp1@squarespace.com,Female,Ireland,Dunleer,-8.5176583,51.8863277
903,Pam,Ambrose,pambrosep2@hhs.gov,Female,Ireland,Newmarket on Fergus,-8.8950821,52.7604883
904,Brigitta,Brideau,bbrideaup3@ft.com,Female,Ireland,Oranmore,-9.7359765,54.1433253
905,Stephie,Ulyatt,sulyattp4@hatena.ne.jp,Genderqueer,Ireland,Arklow,-8.4523258,51.880525
906,Willabella,Atling,watlingp5@sogou.com,Female,Ireland,Tullamore,-7.518792,53.284466
907,Man,Kliemke,mkliemkep6@imageshack.us,Male,Ireland,Arklow,-8.4523258,51.880525
908,Ron,Estoile,restoilep7@economist.com,Male,Ireland,Dún Laoghaire,-6.133718,53.291512
909,Nealson,Mazin,nmazinp8@eepurl.com,Male,Ireland,Gorey,-6.308522,52.665267
910,Darrick,O'Carmody,docarmodyp9@ca.gov,Male,Ireland,Bailieborough,-6.9711886,53.916791
911,Trixi,Hue,thuepa@wikipedia.org,Female,Ireland,Clogherhead,-6.2429997,53.7902634
912,Sutton,Ioselevich,sioselevichpb@stanford.edu,Male,Ireland,Claremorris,-8.334953,51.8610022
913,Adiana,Bunclark,abunclarkpc@vimeo.com,Female,Ireland,Dalkey,-6.1072403,53.2780047
914,Gustie,Abrahamsen,gabrahamsenpd@bravesites.com,Female,Ireland,Dunleer,-8.5176583,51.8863277
915,Raphaela,Hobben,rhobbenpe@jimdo.com,Female,Ireland,Ferbane,-8.4824714,51.8862378
916,Kris,Vicent,kvicentpf@bbb.org,Polygender,Ireland,Monasterevin,-7.0625888,53.1387595
917,Burl,Ilyushkin,bilyushkinpg@sohu.com,Male,Ireland,Rathangan,-6.9898366,53.2265199
918,Benedicto,Keasley,bkeasleyph@forbes.com,Male,Ireland,Annacotty,-8.5369154,52.6681994
919,Sarajane,Willimont,swillimontpi@vinaora.com,Female,Ireland,Bundoran,-8.2817353,54.4771768
920,Heather,Collaton,hcollatonpj@wired.com,Female,Ireland,Monkstown,-8.9775014,52.8314927
921,Austin,Gadsdon,agadsdonpk@paginegialle.it,Female,Ireland,Bagenalstown,-6.9692181,52.7009338
922,Maxwell,Folker,mfolkerpl@blogspot.com,Male,Ireland,Kingscourt,-6.2755912,53.3500473
923,Ibrahim,Chue,ichuepm@theatlantic.com,Male,Ireland,Ballymahon,-7.7655701,53.5650926
924,Tina,Portis,tportispn@mapy.cz,Female,Ireland,Booterstown,-6.1979853,53.3046353
925,Selestina,Balden,sbaldenpo@yandex.ru,Female,Ireland,Kinnegad,-9.1327273,53.806868
926,Cecilio,Burwin,cburwinpp@furl.net,Male,Ireland,Nenagh,-8.2001004,52.86326
927,Alisander,Coady,acoadypq@hc360.com,Agender,Ireland,Raphoe,-8.2755058,52.2627273
928,Twila,O' Connell,toconnellpr@marketwatch.com,Female,Ireland,Eadestown,-6.590926,53.1936864
929,Katerine,Haughin,khaughinps@cornell.edu,Female,Ireland,Skibbereen,-9.268589,51.549106
930,Christophe,Lowes,clowespt@meetup.com,Male,Ireland,Shankill,-6.124065,53.231395
931,Calley,Ide,cidepu@army.mil,Female,Ireland,Clifden,-10.022186,53.488087
932,Charo,Reedyhough,creedyhoughpv@pagesperso-orange.fr,Female,Ireland,Loughrea,-6.3506335,53.2911347
933,Kerwin,Geri,kgeripw@amazon.de,Male,Ireland,Edgeworthstown,-7.606287,53.6972399
934,Del,Holligan,dholliganpx@princeton.edu,Female,Ireland,Dún Laoghaire,-6.133718,53.291512
935,Natasha,Brankley,nbrankleypy@cam.ac.uk,Bigender,Ireland,Kanturk,-8.9342111,52.182304
936,Cristen,Dallin,cdallinpz@google.es,Female,Ireland,Valleymount,-6.3077823,53.3655256
937,Dasha,Alabone,dalaboneq0@intel.com,Non-binary,Ireland,Ballinteer,-6.2554371,53.2767301
938,Winnie,Rothert,wrothertq1@eventbrite.com,Male,Ireland,Dungarvan,-6.1822287,53.3788495
939,Brendis,Breffit,bbreffitq2@infoseek.co.jp,Male,Ireland,Swinford,-8.9480659,53.940892
940,Lyman,Smorfit,lsmorfitq3@canalblog.com,Male,Ireland,Kildare,-6.9140788,53.169971
941,Staci,Fucher,sfucherq4@bloglovin.com,Female,Ireland,Kilcullen,-8.5047067,51.8830697
942,Chick,Janson,cjansonq5@acquirethisname.com,Genderfluid,Ireland,Castlepollard,-7.2979911,53.6785169
943,Gard,Karpushkin,gkarpushkinq6@people.com.cn,Male,Ireland,Ballyhaunis,-8.7683674,53.7942932
944,Rikki,Sans,rsansq7@tinypic.com,Male,Ireland,Clones,-7.2314132,54.1794814
945,Karine,Torvey,ktorveyq8@tmall.com,Female,Ireland,Donabate,-6.1544115,53.4855448
946,Lorain,Greenley,lgreenleyq9@de.vu,Female,Ireland,Caherconlish,-8.3545704,52.5593605
947,Fredek,de Guerre,fdeguerreqa@wired.com,Male,Ireland,Edgeworthstown,-7.606287,53.6972399
948,Alina,Elsby,aelsbyqb@apache.org,Female,Ireland,Castlerea,-8.6346959,53.7423435
949,Tate,Bedburrow,tbedburrowqc@cdc.gov,Male,Ireland,Malahide,-6.1479779,53.450694
950,Binni,Lorent,blorentqd@blog.com,Female,Ireland,Raheny,-6.1820563,53.3786861
951,Chelsie,Brewers,cbrewersqe@merriam-webster.com,Female,Ireland,Cloyne,-6.2398782,53.32112
952,Clem,Clarabut,cclarabutqf@dedecms.com,Male,Ireland,Ballinteer,-6.2554371,53.2767301
953,Robena,Pauer,rpauerqg@blogger.com,Genderqueer,Ireland,Tullamore,-7.518792,53.284466
954,Vivyanne,Couth,vcouthqh@mac.com,Bigender,Ireland,Charlesland,-6.0690645,53.1257486
955,Olympe,Gres,ogresqi@joomla.org,Female,Ireland,Granard,-7.5011999,53.776647
956,Brianne,Sliney,bslineyqj@sphinn.com,Female,Ireland,Balally,-6.5899765,52.176031
957,Elvina,Cecely,ececelyqk@microsoft.com,Female,Ireland,Muff,-7.269174,55.0650892
958,Ginnie,Toogood,gtoogoodql@e-recht24.de,Female,Ireland,Nenagh,-8.2001004,52.86326
959,Orion,Allardyce,oallardyceqm@soundcloud.com,Male,Ireland,Youghal,-7.8434254,51.949401
960,Brittne,Creek,bcreekqn@1688.com,Female,Ireland,Coolock,-6.1920933,53.3916434
961,Gerrard,Cahey,gcaheyqo@imdb.com,Male,Ireland,Malahide,-6.1479779,53.450694
962,Pacorro,Sidebotton,psidebottonqp@usgs.gov,Male,Ireland,Newmarket on Fergus,-8.8950821,52.7604883
963,Emelda,Parysiak,eparysiakqq@cpanel.net,Female,Ireland,Donabate,-6.1544115,53.4855448
964,Malina,Roderigo,mroderigoqr@sfgate.com,Polygender,Ireland,Old Kilcullen,-6.7449927,53.1310185
965,Abagael,Olyonov,aolyonovqs@twitpic.com,Female,Ireland,Mullagh,-8.4977746,51.8895954
966,Garrick,Doelle,gdoelleqt@japanpost.jp,Genderfluid,Ireland,Kilcullen,-8.5047067,51.8830697
967,Elvyn,Leahey,eleaheyqu@house.gov,Male,Ireland,Gweedore,-9.0288689,53.2737147
968,Cate,Nairn,cnairnqv@msn.com,Female,Ireland,Bayside,-9.1097137,53.2582868
969,Shandeigh,Porcas,sporcasqw@github.com,Female,Ireland,Tullyallen,-6.4241156,53.7369009
970,Hector,People,hpeopleqx@seattletimes.com,Male,Ireland,Mullagh,-8.4977746,51.8895954
971,Kellby,Halladey,khalladeyqy@rediff.com,Male,Ireland,Tullyallen,-6.4241156,53.7369009
972,Fairlie,Ridesdale,fridesdaleqz@facebook.com,Male,Ireland,Ashford,-6.3828795,53.385304
973,Georgia,Hanshaw,ghanshawr0@joomla.org,Female,Ireland,Virginia,-6.2633149,53.377533
974,Grenville,Trusler,gtruslerr1@ucsd.edu,Male,Ireland,Clifden,-10.022186,53.488087
975,Lesli,Antoons,lantoonsr2@sina.com.cn,Female,Ireland,Swinford,-8.9480659,53.940892
976,Celesta,Muspratt,cmusprattr3@zdnet.com,Female,Ireland,Old Kilcullen,-6.7449927,53.1310185
977,Lezley,Biddell,lbiddellr4@auda.org.au,Male,Ireland,Annacotty,-8.5369154,52.6681994
978,Ernestus,Dunford,edunfordr5@loc.gov,Male,Ireland,Kinlough,-6.1136478,53.2121335
979,Haily,Fidele,hfideler6@irs.gov,Female,Ireland,Virginia,-6.2633149,53.377533
980,Billie,Surmon,bsurmonr7@slate.com,Male,Ireland,Kilmacanoge,-6.139018,53.171935
981,Anne-marie,Bristow,abristowr8@youku.com,Female,Ireland,Oranmore,-9.7359765,54.1433253
982,Lonna,Fulker,lfulkerr9@nih.gov,Female,Ireland,Watergrasshill,-8.337871,52.0097259
983,Lucas,Stradling,lstradlingra@nasa.gov,Male,Ireland,Sandyford,-6.3422325,53.719155
984,Elfrida,Plaxton,eplaxtonrb@redcross.org,Female,Ireland,Newmarket on Fergus,-8.8950821,52.7604883
985,Serge,Gernier,sgernierrc@shop-pro.jp,Polygender,Ireland,Raheny,-6.1820563,53.3786861
986,Jeno,Longmire,jlongmirerd@pcworld.com,Male,Ireland,Donnybrook,-6.2324705,53.3177535
987,Anatol,Hinkensen,ahinkensenre@usa.gov,Male,Ireland,Tralee,-7.0833118,52.2413206
988,Dorella,Tristram,dtristramrf@ow.ly,Non-binary,Ireland,Kill,-6.5924609,53.2482376
989,Brandi,Kures,bkuresrg@ustream.tv,Female,Ireland,Ballisodare,-8.5070436,54.2109904
990,Gavra,Rowbury,growburyrh@toplist.cz,Female,Ireland,Dunleer,-8.5176583,51.8863277
991,Alysia,Eglese,aegleseri@about.com,Polygender,Ireland,Ballymahon,-7.7655701,53.5650926
992,Morrie,Labba,mlabbarj@ebay.com,Bigender,Ireland,Athy,-6.9858993,53.0018699
993,Ada,Cuardall,acuardallrk@chicagotribune.com,Female,Ireland,Cork,-8.489012,51.923707
994,Miles,Yeatman,myeatmanrl@fastcompany.com,Genderqueer,Ireland,Carrigaline,-8.3929404,51.8113447
995,Wade,Sloley,wsloleyrm@earthlink.net,Agender,Ireland,Old Kilcullen,-6.7449927,53.1310185
996,Rolando,Kinnear,rkinnearrn@e-recht24.de,Male,Ireland,Donegal,-8.5946591,54.632283
997,Pavel,Cudworth,pcudworthro@who.int,Male,Ireland,Ballyboden,-6.3049392,53.3021194
998,Alexandrina,Assiter,aassiterrp@samsung.com,Female,Ireland,Arklow,-8.4523258,51.880525
999,Kariotta,Dymott,kdymottrq@nationalgeographic.com,Female,Ireland,Castlemartyr,-8.05,51.9166667
1000,Ogdon,Andrioni,oandrionirr@nydailynews.com,Male,Ireland,Oranmore,-9.7359765,54.1433253
