id,first_name,last_name,email,gender,country,city,lon,lat
1,Melamie,Liggens,mliggens0@vistaprint.com,Non-binary,Ireland,Booterstown,-6.1979853,53.3046353
2,Gregorio,Rhymes,grhymes1@boston.com,Male,Ireland,Kingscourt,-6.2755912,53.3500473
3,Hali,Hannabuss,hhannabuss2@nifty.com,Female,Ireland,Sutton,-6.1097188,53.3895926
4,Rolfe,Hobben,rhobben3@time.com,Male,Ireland,Athy,-6.9858993,53.0018699
5,Glyn,Relton,grelton4@desdev.cn,Male,Ireland,Tralee,-7.0833118,52.2413206
6,Jaine,Peron,jperon5@sina.com.cn,Female,Ireland,Virginia,-6.2633149,53.377533
7,Elenore,Hush,ehush6@cam.ac.uk,Female,Ireland,Raheny,-6.1820563,53.3786861
8,Hogan,Luckwell,hluckwell7@archive.org,Male,Ireland,Tullyallen,-6.4241156,53.7369009
9,Deane,Essel,dessel8@netvibes.com,Male,Ireland,Bagenalstown,-6.9692181,52.7009338
10,Thekla,Walworche,twalworche9@yellowbook.com,Female,Ireland,Longwood,-6.2892907,53.310122
11,Kimberly,Greenalf,kgreenalfa@samsung.com,Female,Ireland,Boyle,-8.2969737,53.9735591
12,Emmott,Pennetti,epennettib@google.pl,Male,Ireland,Cobh,-8.298942,51.848898
13,Jessie,Barrim,jbarrimc@ted.com,Male,Ireland,Rathnew,-6.374155,53.3223974
14,Rowney,Bissett,rbissettd@merriam-webster.com,Agender,Ireland,Sandymount,-6.2152673,53.3323703
15,Mitzi,Mieville,mmievillee@stumbleupon.com,Female,Ireland,Tower,-80.7087609,35.7797381
16,Noami,Krier,nkrierf@princeton.edu,Polygender,Ireland,Lucan,-9.4904891,52.6396679
17,Fiona,Alderwick,falderwickg@ycombinator.com,Female,Ireland,Donabate,-6.1544115,53.4855448
18,Arleen,Barok,abarokh@arizona.edu,Female,Ireland,Donnycarney,-6.218069,53.374266
19,Norry,Whitlam,nwhitlami@scribd.com,Male,Ireland,Clones,-7.2314132,54.1794814
20,Phillis,Melvin,pmelvinj@constantcontact.com,Female,Ireland,Mallow,-8.642661,52.1361219
21,Sisile,Tomblett,stomblettk@weibo.com,Female,Ireland,Foxrock,-6.1011147,53.2000455
22,Addison,Staton,astatonl@google.cn,Male,Ireland,Birr,-7.9139891,53.0949398
23,Kelwin,Speenden,kspeendenm@51.la,Male,Ireland,Tallaght,-6.3660863,53.2874153
24,Nertie,Jedrysik,njedrysikn@geocities.jp,Female,Ireland,Castlebridge,-6.5853664,53.378253
25,Muire,Cuppitt,mcuppitto@yellowpages.com,Female,Ireland,Bantry,-9.448724,51.680591
26,Jaquelin,McGreay,jmcgreayp@cnn.com,Female,Ireland,Lucan,-9.4904891,52.6396679
27,Constantina,Sparke,csparkeq@godaddy.com,Female,Ireland,Crumlin,-6.3048641,53.3284298
28,Calla,Longmore,clongmorer@paginegialle.it,Female,Ireland,Swords,-6.2071246,53.4562426
29,Alfi,Warbrick,awarbricks@bloomberg.com,Female,Ireland,Castlebridge,-6.5853664,53.378253
30,Miller,Spratling,mspratlingt@w3.org,Male,Ireland,Boyle,-8.2969737,53.9735591
31,Artemus,Stearn,astearnu@linkedin.com,Male,Ireland,Clifden,-10.022186,53.488087
32,Jim,Esbrook,jesbrookv@posterous.com,Male,Ireland,Castlebridge,-6.5853664,53.378253
33,Flossy,Bastick,fbastickw@indiegogo.com,Female,Ireland,Caherconlish,-8.3545704,52.5593605
34,Engelbert,Rablin,erablinx@photobucket.com,Male,Ireland,Raheny,-6.1820563,53.3786861
35,Marven,Inskipp,minskippy@google.com.br,Male,Ireland,Crossmolina,-6.473025,54.0086093
36,Lyman,Trotton,ltrottonz@altervista.org,Male,Ireland,Monaghan,-7.0943023,54.2694844
37,Granger,Brandreth,gbrandreth10@hexun.com,Male,Ireland,Adare,-6.176659,53.4487975
38,Oona,Lucio,olucio11@comcast.net,Female,Ireland,Portarlington,-7.185387,53.158984
39,Gray,Grimwood,ggrimwood12@usatoday.com,Female,Ireland,Kinsealy-Drinan,-6.1644997,53.4266145
40,Murdoch,Kilgrove,mkilgrove13@slate.com,Male,Ireland,Kinlough,-6.1136478,53.2121335
41,Curran,Overthrow,coverthrow14@123-reg.co.uk,Male,Ireland,Tuam,-8.83565,53.49417
42,Thor,Brannon,tbrannon15@google.it,Bigender,Ireland,Charlesland,-6.0690645,53.1257486
43,Else,Bransom,ebransom16@weather.com,Female,Ireland,Loughrea,-6.3506335,53.2911347
44,Hewie,De Meyer,hdemeyer17@nih.gov,Polygender,Ireland,Eadestown,-6.590926,53.1936864
45,Walsh,Bather,wbather18@chronoengine.com,Male,Ireland,Castlebellingham,-6.391149,53.8996586
46,Adora,Iglesias,aiglesias19@sourceforge.net,Female,Ireland,Swords,-6.2071246,53.4562426
47,Karrie,Bottleson,kbottleson1a@digg.com,Female,Ireland,Lusk,-6.1535181,53.5220275
48,Francklyn,Chappelow,fchappelow1b@fotki.com,Male,Ireland,Old Kilcullen,-6.7449927,53.1310185
49,Randa,Skett,rskett1c@nasa.gov,Agender,Ireland,Gweedore,-9.0288689,53.2737147
50,Ignatius,Edgell,iedgell1d@ebay.com,Male,Ireland,Swords,-6.2071246,53.4562426
51,Kippie,Gerish,kgerish1e@unc.edu,Male,Ireland,Dunmanway,-9.1115941,51.7203863
52,Jameson,Meekin,jmeekin1f@usa.gov,Male,Ireland,Kill,-6.5924609,53.2482376
53,Zonda,Sherr,zsherr1g@globo.com,Female,Ireland,Greenhills,-6.336393,53.3122864
54,Anatollo,Emm,aemm1h@symantec.com,Male,Ireland,Monasterevin,-7.0625888,53.1387595
55,Ciro,Ogle,cogle1i@vkontakte.ru,Male,Ireland,Kill,-6.5924609,53.2482376
56,Tobias,Pipping,tpipping1j@unesco.org,Male,Ireland,Mallow,-8.642661,52.1361219
57,Alethea,Marder,amarder1k@nytimes.com,Female,Ireland,Virginia,-6.2633149,53.377533
58,Ofella,Byrd,obyrd1l@businessweek.com,Female,Ireland,Moate,-6.1942058,53.3604483
59,Warden,Ollier,wollier1m@nbcnews.com,Male,Ireland,Fermoy,-9.5003786,52.4458588
60,Sandro,Sollner,ssollner1n@businessinsider.com,Male,Ireland,Kinsale,-6.251714,53.3169419
61,Barclay,Strettell,bstrettell1o@yelp.com,Male,Ireland,Rathnew,-6.374155,53.3223974
62,Natalie,Goodburn,ngoodburn1p@usatoday.com,Female,Ireland,Castlerea,-8.6346959,53.7423435
63,Lynnett,Mocher,lmocher1q@flavors.me,Female,Ireland,Old Kilcullen,-6.7449927,53.1310185
64,Beryl,Loadwick,bloadwick1r@springer.com,Female,Ireland,Thomastown,-6.7434401,53.2229873
65,Amos,Hyslop,ahyslop1s@goo.gl,Male,Ireland,Belmullet,-10.0320886,54.2223118
66,Minda,Yeld,myeld1t@fotki.com,Female,Ireland,Trá Mhór,-9.0197835,53.2736466
67,Patrice,Hinners,phinners1u@goo.gl,Female,Ireland,Trá Mhór,-9.0197835,53.2736466
68,Hadley,Penburton,hpenburton1v@unc.edu,Male,Ireland,Templeogue,-6.3219759,53.2976886
69,June,Hannaford,jhannaford1w@bing.com,Female,Ireland,Ballymun,-6.264963,53.3897152
70,Spence,Antoniak,santoniak1x@skyrock.com,Male,Ireland,Cill Airne,-6.2890702,53.3201497
71,Vinny,Rankmore,vrankmore1y@webmd.com,Female,Ireland,Moycullen,-9.159604,53.302644
72,Candi,Lodden,clodden1z@slideshare.net,Female,Ireland,Cobh,-8.298942,51.848898
73,Felic,Sopper,fsopper20@theatlantic.com,Male,Ireland,Granard,-7.5011999,53.776647
74,Brant,O'Cahill,bocahill21@com.com,Male,Ireland,Castlerea,-8.6346959,53.7423435
75,Cooper,Ibbitson,cibbitson22@huffingtonpost.com,Male,Ireland,Sutton,-6.1097188,53.3895926
76,Timmi,Mapp,tmapp23@simplemachines.org,Female,Ireland,Donnycarney,-6.218069,53.374266
77,Tessie,Perry,tperry24@amazon.co.uk,Female,Ireland,Stradbally,-8.5054897,52.7107501
78,Leonhard,Lovstrom,llovstrom25@lulu.com,Genderfluid,Ireland,Youghal,-7.8434254,51.949401
79,Bernette,Sinnott,bsinnott26@abc.net.au,Female,Ireland,Lusk,-6.1535181,53.5220275
80,Ronnica,Tillot,rtillot27@dot.gov,Genderqueer,Ireland,Kildare,-6.9140788,53.169971
81,Lynnell,Sainer,lsainer28@google.ca,Female,Ireland,Granard,-7.5011999,53.776647
82,Edan,Fitchen,efitchen29@360.cn,Male,Ireland,Lusk,-6.1535181,53.5220275
83,Llewellyn,Whitmore,lwhitmore2a@washingtonpost.com,Male,Ireland,Castlebellingham,-6.391149,53.8996586
84,Catlin,Kristoffersen,ckristoffersen2b@slashdot.org,Female,Ireland,Ardee,-8.4784945,51.8815586
85,Zandra,Sherborn,zsherborn2c@elpais.com,Female,Ireland,Donnybrook,-6.2324705,53.3177535
86,Sunny,Danilovich,sdanilovich2d@odnoklassniki.ru,Male,Ireland,Donabate,-6.1544115,53.4855448
87,Aurthur,Tipperton,atipperton2e@slate.com,Male,Ireland,Bayside,-9.1097137,53.2582868
88,Holly-anne,Brand,hbrand2f@whitehouse.gov,Female,Ireland,Milltown,-7.9027266,53.4148582
89,Eduard,De Lasci,edelasci2g@vinaora.com,Male,Ireland,Donegal,-8.5946591,54.632283
90,Gaspard,Chainey,gchainey2h@xinhuanet.com,Male,Ireland,Confey,-6.5028415,53.3806398
91,Melisent,Crosio,mcrosio2i@arizona.edu,Female,Ireland,Skibbereen,-9.268589,51.549106
92,Stanislas,Ranby,sranby2j@cbslocal.com,Bigender,Ireland,Castleknock,-9.0248232,53.2760162
93,Coleen,Foord,cfoord2k@a8.net,Female,Ireland,Sandyford,-6.3422325,53.719155
94,Georgianna,Gush,ggush2l@a8.net,Female,Ireland,Donnybrook,-6.2324705,53.3177535
95,Vaughn,Lever,vlever2m@nba.com,Male,Ireland,Ballyjamesduff,-7.086877,53.8363325
96,Gusty,McGahern,gmcgahern2n@earthlink.net,Female,Ireland,Ballymun,-6.264963,53.3897152
97,Patrick,Clews,pclews2o@list-manage.com,Male,Ireland,Skerries,-6.1349155,53.5834008
98,Lila,Goede,lgoede2p@hc360.com,Female,Ireland,Newmarket on Fergus,-8.8950821,52.7604883
99,Lolita,Lant,llant2q@cafepress.com,Female,Ireland,Sandyford,-6.3422325,53.719155
100,Zitella,Chupin,zchupin2r@de.vu,Female,Ireland,Ashford,-6.3828795,53.385304
101,Tabbatha,Henstridge,thenstridge2s@ask.com,Female,Ireland,Longwood,-6.2892907,53.310122
102,Stacy,Eisig,seisig2t@foxnews.com,Male,Ireland,Ballinroad,-7.5717688,52.1045472
103,Markus,Fitzjohn,mfitzjohn2u@techcrunch.com,Male,Ireland,Bayside,-9.1097137,53.2582868
104,Mellisa,Fortnon,mfortnon2v@seattletimes.com,Female,Ireland,Piltown,-6.3025448,53.6920618
105,Nelly,Sign,nsign2w@jalbum.net,Female,Ireland,Killumney,-8.6340751,52.6638144
106,Lilah,Ivons,livons2x@shop-pro.jp,Female,Ireland,Valleymount,-6.3077823,53.3655256
107,Zabrina,Letten,zletten2y@plala.or.jp,Female,Ireland,Skerries,-6.1349155,53.5834008
108,Denise,Yoxall,dyoxall2z@yellowpages.com,Female,Ireland,Tralee,-7.0833118,52.2413206
109,Mathew,Laundon,mlaundon30@nsw.gov.au,Polygender,Ireland,Malahide,-6.1479779,53.450694
110,Brant,McGuffog,bmcguffog31@instagram.com,Male,Ireland,Castlebridge,-6.5853664,53.378253
111,Bartholemy,Plant,bplant32@stanford.edu,Male,Ireland,Carrigtwohill,-8.259128,51.908209
112,Ninnette,Reide,nreide33@wunderground.com,Female,Ireland,Monkstown,-8.9775014,52.8314927
113,Morly,Aslin,maslin34@usnews.com,Male,Ireland,Stradbally,-8.5054897,52.7107501
114,Jobey,Gudde,jgudde35@wikispaces.com,Female,Ireland,Foxrock,-6.1011147,53.2000455
115,Ingeberg,Downham,idownham36@icio.us,Female,Ireland,Clones,-7.2314132,54.1794814
116,Ricky,Planque,rplanque37@chronoengine.com,Female,Ireland,Watergrasshill,-8.337871,52.0097259
117,Carlina,Pughsley,cpughsley38@google.co.uk,Female,Ireland,Tralee,-7.0833118,52.2413206
118,Aguste,Gervaise,agervaise39@epa.gov,Male,Ireland,Greenhills,-6.336393,53.3122864
119,Joni,Cabell,jcabell3a@oracle.com,Female,Ireland,Malahide,-6.1479779,53.450694
120,Prince,Bendle,pbendle3b@dmoz.org,Genderfluid,Ireland,Belmullet,-10.0320886,54.2223118
121,Andree,Bridat,abridat3c@fda.gov,Female,Ireland,Ardee,-8.4784945,51.8815586
122,Godfrey,Dorrity,gdorrity3d@dailymotion.com,Male,Ireland,Mallow,-8.642661,52.1361219
123,Jeddy,Saladine,jsaladine3e@boston.com,Male,Ireland,Kinsale,-6.251714,53.3169419
124,Hildy,Wooff,hwooff3f@constantcontact.com,Female,Ireland,Ferbane,-8.4824714,51.8862378
125,Annabell,Swaine,aswaine3g@squidoo.com,Female,Ireland,Rathdrum,-6.163027,53.2339841
126,Bob,Castelain,bcastelain3h@google.fr,Male,Ireland,Dún Laoghaire,-6.133718,53.291512
127,Livvy,Bugg,lbugg3i@netvibes.com,Female,Ireland,Monasterevin,-7.0625888,53.1387595
128,Alic,Errington,aerrington3j@opensource.org,Male,Ireland,Monasterevin,-7.0625888,53.1387595
129,Deidre,Peplay,dpeplay3k@behance.net,Female,Ireland,Kanturk,-8.9342111,52.182304
130,Derrick,Burkinshaw,dburkinshaw3l@constantcontact.com,Male,Ireland,Edgeworthstown,-7.606287,53.6972399
131,Gregoire,Suttaby,gsuttaby3m@answers.com,Male,Ireland,Clondalkin,-6.4496384,53.3582341
132,Vladamir,Wykes,vwykes3n@zimbio.com,Male,Ireland,Youghal,-7.8434254,51.949401
133,Junie,Mintoff,jmintoff3o@businessinsider.com,Female,Ireland,Belmullet,-10.0320886,54.2223118
134,Annecorinne,Gerwood,agerwood3p@smh.com.au,Female,Ireland,Drumcondra,-8.445614,51.8885086
135,Lulu,Skippings,lskippings3q@mysql.com,Female,Ireland,Tuam,-8.83565,53.49417
136,Neely,Dayborne,ndayborne3r@indiegogo.com,Agender,Ireland,Bundoran,-8.2817353,54.4771768
137,Myrtice,Filippucci,mfilippucci3s@opera.com,Female,Ireland,Carrigaline,-8.3929404,51.8113447
138,Blythe,Godsell,bgodsell3t@google.com.hk,Female,Ireland,Confey,-6.5028415,53.3806398
139,Gasparo,Milkeham,gmilkeham3u@hexun.com,Male,Ireland,Donnybrook,-6.2324705,53.3177535
140,Felice,Pellatt,fpellatt3v@unc.edu,Male,Ireland,Fermoy,-9.5003786,52.4458588
141,Judah,Uttridge,juttridge3w@weibo.com,Male,Ireland,Edgeworthstown,-7.606287,53.6972399
142,Hi,Von Hindenburg,hvonhindenburg3x@hostgator.com,Male,Ireland,Askeaton,-8.9706844,52.6004448
143,Haskel,Ericssen,hericssen3y@bing.com,Male,Ireland,Sutton,-6.1097188,53.3895926
144,Jewel,Queripel,jqueripel3z@cbc.ca,Female,Ireland,Raphoe,-8.2755058,52.2627273
145,Iormina,Spancock,ispancock40@who.int,Female,Ireland,Mullagh,-8.4977746,51.8895954
146,Lynn,Masurel,lmasurel41@nymag.com,Female,Ireland,Longwood,-6.2892907,53.310122
147,Killy,Waye,kwaye42@rambler.ru,Male,Ireland,Monaghan,-7.0943023,54.2694844
148,Easter,McKnish,emcknish43@disqus.com,Female,Ireland,Ballyhaunis,-8.7683674,53.7942932
149,Pavia,Veque,pveque44@drupal.org,Bigender,Ireland,Sutton,-6.1097188,53.3895926
150,Branden,Grieveson,bgrieveson45@apple.com,Male,Ireland,Coolock,-6.1920933,53.3916434
151,Garner,Bacop,gbacop46@ovh.net,Male,Ireland,Rathnew,-6.374155,53.3223974
152,Derby,McAndie,dmcandie47@economist.com,Male,Ireland,Rathnew,-6.374155,53.3223974
153,Carmelita,Zoren,czoren48@cbc.ca,Female,Ireland,Balally,-6.5899765,52.176031
154,Dorine,Shelmardine,dshelmardine49@gravatar.com,Female,Ireland,Rathangan,-6.9898366,53.2265199
155,Brady,Misson,bmisson4a@lycos.com,Male,Ireland,Fairview,-6.4202878,54.0026343
156,Zarla,Settle,zsettle4b@topsy.com,Female,Ireland,Kill,-6.5924609,53.2482376
157,Binny,Fidele,bfidele4c@amazon.co.uk,Non-binary,Ireland,Kinsealy-Drinan,-6.1644997,53.4266145
158,Darsey,Sayburn,dsayburn4d@prweb.com,Non-binary,Ireland,Arklow,-8.4523258,51.880525
159,Niel,Aberkirder,naberkirder4e@biblegateway.com,Male,Ireland,Moville,-8.4242597,51.8910459
160,Jerrylee,Sives,jsives4f@earthlink.net,Female,Ireland,Carrigtwohill,-8.259128,51.908209
161,Reagan,Lodden,rlodden4g@independent.co.uk,Male,Ireland,Monaghan,-7.0943023,54.2694844
162,Maryanna,Whalley,mwhalley4h@webnode.com,Female,Ireland,Old Kilcullen,-6.7449927,53.1310185
163,Pierce,Olivazzi,polivazzi4i@odnoklassniki.ru,Bigender,Ireland,Sallins,-6.6633404,53.2492381
164,Jase,Thowes,jthowes4j@ftc.gov,Male,Ireland,Valleymount,-6.3077823,53.3655256
165,Janina,Bodemeaid,jbodemeaid4k@elpais.com,Female,Ireland,Dromiskin,-6.4008792,53.9215606
166,Ludovico,Gable,lgable4l@europa.eu,Male,Ireland,Sandymount,-6.2152673,53.3323703
167,Jasen,Questier,jquestier4m@amazon.de,Male,Ireland,Cork,-8.489012,51.923707
168,Moshe,Andrault,mandrault4n@squidoo.com,Male,Ireland,Monasterevin,-7.0625888,53.1387595
169,Misha,Ghirigori,mghirigori4o@bravesites.com,Female,Ireland,Cherryville,-7.1111732,52.2513095
170,Ellette,Skelly,eskelly4p@ftc.gov,Female,Ireland,Cill Airne,-6.2890702,53.3201497
171,Lawrence,Roony,lroony4q@nsw.gov.au,Male,Ireland,Trá Mhór,-9.0197835,53.2736466
172,Adelheid,Moody,amoody4r@amazon.de,Female,Ireland,Claremorris,-8.334953,51.8610022
173,Lydon,Bosch,lbosch4s@house.gov,Male,Ireland,Drumcondra,-8.445614,51.8885086
174,Erma,Collingdon,ecollingdon4t@purevolume.com,Female,Ireland,Rathwire,-7.145971,53.508326
175,Abdul,Shallow,ashallow4u@lycos.com,Male,Ireland,Ratoath,-6.4671298,53.5050031
176,Danna,MacConnal,dmacconnal4v@umich.edu,Female,Ireland,Bantry,-9.448724,51.680591
177,Cameron,Keppe,ckeppe4w@issuu.com,Male,Ireland,Portumna,-8.2215941,53.0917381
178,Shara,Fysh,sfysh4x@ftc.gov,Female,Ireland,Listowel,-9.4851741,52.4460804
179,Corrinne,McEttigen,cmcettigen4y@qq.com,Female,Ireland,Prosperous,-6.7515223,53.2888321
180,Ephrem,Ferrer,eferrer4z@myspace.com,Male,Ireland,Leixlip,-6.4887534,53.3653866
181,Ynes,Verrillo,yverrillo50@scientificamerican.com,Female,Ireland,Cobh,-8.298942,51.848898
182,Lynette,Escoffrey,lescoffrey51@scribd.com,Female,Ireland,Sutton,-6.1097188,53.3895926
183,Carroll,Baccus,cbaccus52@bbb.org,Female,Ireland,Cluain Meala,-6.2611953,53.3881832
184,Janek,Killingsworth,jkillingsworth53@nhs.uk,Polygender,Ireland,Muff,-7.269174,55.0650892
185,Megen,Povele,mpovele54@seesaa.net,Female,Ireland,Listowel,-9.4851741,52.4460804
186,Buddie,Bielfeldt,bbielfeldt55@cpanel.net,Male,Ireland,Sandyford,-6.3422325,53.719155
187,Pancho,Westmacott,pwestmacott56@topsy.com,Male,Ireland,Rathdrum,-6.163027,53.2339841
188,Artair,Walford,awalford57@domainmarket.com,Male,Ireland,Gweedore,-9.0288689,53.2737147
189,Ketty,Jallin,kjallin58@jigsy.com,Female,Ireland,Cloyne,-6.2398782,53.32112
190,Preston,Rable,prable59@timesonline.co.uk,Genderqueer,Ireland,Daingean,-7.1297243,52.2509369
191,Patton,Linden,plinden5a@homestead.com,Non-binary,Ireland,Aughrim,-6.366762,53.2987724
192,Shaylynn,Busain,sbusain5b@devhub.com,Female,Ireland,Killumney,-8.6340751,52.6638144
193,Cassy,Lemin,clemin5c@archive.org,Female,Ireland,Skibbereen,-9.268589,51.549106
194,Dugald,Meatcher,dmeatcher5d@berkeley.edu,Male,Ireland,Ashford,-6.3828795,53.385304
195,Eran,Brunton,ebrunton5e@networkadvertising.org,Female,Ireland,Fermoy,-9.5003786,52.4458588
196,Buddie,Girdler,bgirdler5f@pcworld.com,Male,Ireland,Confey,-6.5028415,53.3806398
197,Debora,Stanger,dstanger5g@shareasale.com,Female,Ireland,Cluain Meala,-6.2611953,53.3881832
198,Sherrie,Tille,stille5h@ehow.com,Female,Ireland,Granard,-7.5011999,53.776647
199,Cozmo,Muckle,cmuckle5i@zimbio.com,Male,Ireland,Naas,-6.67045,53.213319
200,Jaine,Bontein,jbontein5j@economist.com,Female,Ireland,Farranacoush,-8.5171384,51.876873
201,Evan,Alford,ealford5k@goo.ne.jp,Male,Ireland,Arklow,-8.4523258,51.880525
202,Nanny,Elrick,nelrick5l@mysql.com,Female,Ireland,Athlone,-7.9428197,53.4231032
203,Baxter,Swane,bswane5m@woothemes.com,Genderfluid,Ireland,Cabinteely,-6.1603828,53.2599034
204,Kelbee,Brahm,kbrahm5n@hao123.com,Male,Ireland,Adare,-6.176659,53.4487975
205,Viviene,Michurin,vmichurin5o@dailymail.co.uk,Female,Ireland,Aghada,-8.4627451,54.25645
206,Wandis,Fuge,wfuge5p@eepurl.com,Genderfluid,Ireland,Ashford,-6.3828795,53.385304
207,Keith,Teml,kteml5q@cafepress.com,Male,Ireland,Swords,-6.2071246,53.4562426
208,Chandra,De Courtney,cdecourtney5r@ustream.tv,Polygender,Ireland,Ballyhaunis,-8.7683674,53.7942932
209,Nananne,Osmond,nosmond5s@baidu.com,Female,Ireland,Fermoy,-9.5003786,52.4458588
210,Desdemona,Bulpitt,dbulpitt5t@amazon.co.jp,Female,Ireland,Cavan,-7.297914,54.026345
211,Stavro,Teggart,steggart5u@acquirethisname.com,Polygender,Ireland,Tullyallen,-6.4241156,53.7369009
212,Hally,Mollindinia,hmollindinia5v@who.int,Female,Ireland,Askeaton,-8.9706844,52.6004448
213,Brooke,Schwerin,bschwerin5w@shareasale.com,Female,Ireland,Aughrim,-6.366762,53.2987724
214,Abagail,Lillford,alillford5x@oracle.com,Female,Ireland,Athy,-6.9858993,53.0018699
215,Courtenay,Jowitt,cjowitt5y@house.gov,Female,Ireland,Blessington,-8.5111664,51.8858819
216,Bernelle,Tewkesberry,btewkesberry5z@nymag.com,Female,Ireland,Claremorris,-8.334953,51.8610022
217,Willie,Tax,wtax60@youtu.be,Female,Ireland,Castlemartyr,-8.05,51.9166667
218,Sib,Arnault,sarnault61@tuttocitta.it,Female,Ireland,Balrothery,-6.1884248,53.5879156
219,Joseito,Sewill,jsewill62@163.com,Male,Ireland,Donabate,-6.1544115,53.4855448
220,Mick,Cummins,mcummins63@walmart.com,Male,Ireland,Raphoe,-8.2755058,52.2627273
221,Nanice,Greenard,ngreenard64@arizona.edu,Female,Ireland,Newmarket on Fergus,-8.8950821,52.7604883
222,Micky,Czajkowska,mczajkowska65@elegantthemes.com,Female,Ireland,Kinnegad,-9.1327273,53.806868
223,Barret,Hansed,bhansed66@jigsy.com,Male,Ireland,Ballinteer,-6.2554371,53.2767301
224,Rubetta,Osmant,rosmant67@issuu.com,Female,Ireland,Kilkenny,-7.2584,52.655184
225,Erena,Iorillo,eiorillo68@squidoo.com,Female,Ireland,Belmullet,-10.0320886,54.2223118
226,Jacinthe,Grady,jgrady69@cafepress.com,Female,Ireland,Kinsealy-Drinan,-6.1644997,53.4266145
227,Emerson,Cox,ecox6a@eventbrite.com,Male,Ireland,Kilcullen,-8.5047067,51.8830697
228,Nikoletta,Durman,ndurman6b@intel.com,Female,Ireland,Monaghan,-7.0943023,54.2694844
229,Christiana,Scarce,cscarce6c@illinois.edu,Female,Ireland,Raphoe,-8.2755058,52.2627273
230,Abba,Head,ahead6d@ucoz.com,Male,Ireland,Dunmanway,-9.1115941,51.7203863
231,Keane,Latch,klatch6e@chronoengine.com,Male,Ireland,Whitegate,-6.3539424,53.3666338
232,Rawley,Jaulmes,rjaulmes6f@washingtonpost.com,Male,Ireland,Thomastown,-6.7434401,53.2229873
233,Kalle,McGrah,kmcgrah6g@dion.ne.jp,Male,Ireland,Ballinteer,-6.2554371,53.2767301
234,Kaiser,Bedbrough,kbedbrough6h@elegantthemes.com,Male,Ireland,Fermoy,-9.5003786,52.4458588
235,Martino,Bryceson,mbryceson6i@nyu.edu,Male,Ireland,Cobh,-8.298942,51.848898
236,Vidovik,Tytcomb,vtytcomb6j@miibeian.gov.cn,Male,Ireland,Ballymun,-6.264963,53.3897152
237,Art,Venes,avenes6k@netvibes.com,Male,Ireland,Raheny,-6.1820563,53.3786861
238,Winnah,Fenwick,wfenwick6l@prlog.org,Female,Ireland,Swords,-6.2071246,53.4562426
239,Shannon,Lamerton,slamerton6m@bloglovin.com,Female,Ireland,Longford,-7.8004329,53.7283566
240,Ruthi,Keeney,rkeeney6n@sourceforge.net,Female,Ireland,Glasnevin,-6.266734,53.3829319
241,Iggy,Boich,iboich6o@webs.com,Male,Ireland,Askeaton,-8.9706844,52.6004448
242,Austen,McGrudder,amcgrudder6p@so-net.ne.jp,Male,Ireland,Kildare,-6.9140788,53.169971
243,Aldo,Rapkins,arapkins6q@java.com,Male,Ireland,Annacotty,-8.5369154,52.6681994
244,Millie,Haslam,mhaslam6r@ycombinator.com,Female,Ireland,Sallins,-6.6633404,53.2492381
245,Ginger,Lambird,glambird6s@smh.com.au,Male,Ireland,Ballivor,-6.1191333,53.1915379
246,Udell,Bradneck,ubradneck6t@mediafire.com,Male,Ireland,Bearna,-6.2340942,53.2993199
247,Ashton,Tomaello,atomaello6u@epa.gov,Male,Ireland,Donegal,-8.5946591,54.632283
248,Charley,Portman,cportman6v@jigsy.com,Genderfluid,Ireland,Balally,-6.5899765,52.176031
249,Nate,Rudderham,nrudderham6w@icq.com,Male,Ireland,Tuam,-8.83565,53.49417
250,Cher,Ruffell,cruffell6x@smh.com.au,Female,Ireland,Watergrasshill,-8.337871,52.0097259
251,Marilee,Bodycote,mbodycote6y@noaa.gov,Female,Ireland,Glasnevin,-6.266734,53.3829319
252,Dari,Rosetti,drosetti6z@com.com,Female,Ireland,Moate,-6.1942058,53.3604483
253,Cello,Caldecutt,ccaldecutt70@ustream.tv,Male,Ireland,Glasnevin,-6.266734,53.3829319
254,Janene,Billinge,jbillinge71@washingtonpost.com,Female,Ireland,Ardee,-8.4784945,51.8815586
255,Had,Alabastar,halabastar72@dell.com,Male,Ireland,Donnycarney,-6.218069,53.374266
256,Georgetta,Perrington,gperrington73@comcast.net,Female,Ireland,Nenagh,-8.2001004,52.86326
257,Berky,Wimlett,bwimlett74@utexas.edu,Male,Ireland,Carrigtwohill,-8.259128,51.908209
258,Hillery,Lowth,hlowth75@friendfeed.com,Male,Ireland,Kinnegad,-9.1327273,53.806868
259,Eberto,Bristo,ebristo76@nymag.com,Male,Ireland,Ballina,-9.151825,54.11215
260,Lucius,Garry,lgarry77@macromedia.com,Male,Ireland,Kildare,-6.9140788,53.169971
261,Avrom,Dampier,adampier78@typepad.com,Genderfluid,Ireland,Kilkenny,-7.2584,52.655184
262,Graham,Derye-Barrett,gderyebarrett79@auda.org.au,Male,Ireland,Crumlin,-6.3048641,53.3284298
263,Perceval,Lace,place7a@usa.gov,Male,Ireland,Gorey,-6.308522,52.665267
264,Ottilie,Lewington,olewington7b@independent.co.uk,Female,Ireland,Bagenalstown,-6.9692181,52.7009338
265,Lennard,Mohamed,lmohamed7c@joomla.org,Male,Ireland,Moate,-6.1942058,53.3604483
266,Nisse,Snowdon,nsnowdon7d@mapy.cz,Female,Ireland,Thomastown,-6.7434401,53.2229873
267,Robbert,Kerford,rkerford7e@odnoklassniki.ru,Male,Ireland,Piltown,-6.3025448,53.6920618
268,Jefferey,Tomkinson,jtomkinson7f@goodreads.com,Male,Ireland,Ballybofey,-7.74208,54.70972
269,Ado,Furnell,afurnell7g@wufoo.com,Male,Ireland,Bantry,-9.448724,51.680591
270,Delaney,Rupke,drupke7h@live.com,Male,Ireland,Kinlough,-6.1136478,53.2121335
271,Adah,Rennie,arennie7i@tripod.com,Female,Ireland,Donnybrook,-6.2324705,53.3177535
272,Garrott,Spurr,gspurr7j@drupal.org,Male,Ireland,Moycullen,-9.159604,53.302644
273,Clint,MacGillacolm,cmacgillacolm7k@salon.com,Male,Ireland,Listowel,-9.4851741,52.4460804
274,Bertina,Mannooch,bmannooch7l@51.la,Female,Ireland,Moycullen,-9.159604,53.302644
275,Elmer,Viant,eviant7m@reverbnation.com,Male,Ireland,Skerries,-6.1349155,53.5834008
276,Pennie,Bernuzzi,pbernuzzi7n@ibm.com,Male,Ireland,Sandymount,-6.2152673,53.3323703
277,Arvie,Reedyhough,areedyhough7o@tamu.edu,Male,Ireland,Milltown,-7.9027266,53.4148582
278,Erinna,Stodart,estodart7p@360.cn,Female,Ireland,Confey,-6.5028415,53.3806398
279,Glennis,Doggerell,gdoggerell7q@multiply.com,Female,Ireland,Cluain Meala,-6.2611953,53.3881832
280,Johnnie,Rishman,jrishman7r@edublogs.org,Male,Ireland,Arklow,-8.4523258,51.880525
281,Granville,Damant,gdamant7s@merriam-webster.com,Male,Ireland,Dublin,-6.2427004,53.3347733
282,Cortie,Swaden,cswaden7t@time.com,Male,Ireland,Loughrea,-6.3506335,53.2911347
283,Jeramey,Backhouse,jbackhouse7u@moonfruit.com,Male,Ireland,Aughrim,-6.366762,53.2987724
284,Bob,Vosse,bvosse7v@sakura.ne.jp,Male,Ireland,Tralee,-7.0833118,52.2413206
285,Hirsch,Phoebe,hphoebe7w@nature.com,Male,Ireland,Blarney,-8.8562835,53.510243
286,Rianon,Ever,rever7x@google.com.hk,Female,Ireland,Confey,-6.5028415,53.3806398
287,Forbes,Simnel,fsimnel7y@people.com.cn,Male,Ireland,Whitegate,-6.3539424,53.3666338
288,Paddie,Goodhand,pgoodhand7z@nyu.edu,Agender,Ireland,Ballymahon,-7.7655701,53.5650926
289,Lalo,Draysey,ldraysey80@tuttocitta.it,Male,Ireland,Clondalkin,-6.4496384,53.3582341
290,Aubine,Edlestone,aedlestone81@webs.com,Female,Ireland,Ballinteer,-6.2554371,53.2767301
291,Colline,Rolf,crolf82@tiny.cc,Agender,Ireland,Valleymount,-6.3077823,53.3655256
292,Revkah,Kirkhouse,rkirkhouse83@indiatimes.com,Female,Ireland,Kinsealy-Drinan,-6.1644997,53.4266145
293,Culley,Killock,ckillock84@mac.com,Male,Ireland,Longford,-7.8004329,53.7283566
294,Eldredge,Gebhardt,egebhardt85@privacy.gov.au,Male,Ireland,Blarney,-8.8562835,53.510243
295,Jeannette,Warkup,jwarkup86@amazon.de,Female,Ireland,Kinnegad,-9.1327273,53.806868
296,Theresina,Cramond,tcramond87@yelp.com,Female,Ireland,Edgeworthstown,-7.606287,53.6972399
297,Archambault,Barbe,abarbe88@liveinternet.ru,Male,Ireland,Ballybofey,-7.74208,54.70972
298,Lin,Purchall,lpurchall89@mapquest.com,Male,Ireland,Skerries,-6.1349155,53.5834008
299,Jocko,Le land,jleland8a@irs.gov,Male,Ireland,Donnybrook,-6.2324705,53.3177535
300,Cherin,Kesey,ckesey8b@clickbank.net,Female,Ireland,Caherconlish,-8.3545704,52.5593605
301,Aindrea,Gilardoni,agilardoni8c@jugem.jp,Female,Ireland,Ballina,-9.151825,54.11215
302,Zackariah,Lawling,zlawling8d@nationalgeographic.com,Non-binary,Ireland,Macroom,-8.958931,51.904635
303,Ervin,Heine,eheine8e@craigslist.org,Male,Ireland,Ballybofey,-7.74208,54.70972
304,Donalt,Fawdery,dfawdery8f@lycos.com,Male,Ireland,Kill,-6.5924609,53.2482376
305,Scott,Habbijam,shabbijam8g@uol.com.br,Male,Ireland,Longwood,-6.2892907,53.310122
306,Feodor,Tace,ftace8h@chronoengine.com,Male,Ireland,Dundrum,-6.2508196,53.2866372
307,Seumas,Foulser,sfoulser8i@illinois.edu,Genderqueer,Ireland,Portarlington,-7.185387,53.158984
308,Uri,Studd,ustudd8j@japanpost.jp,Agender,Ireland,Cloyne,-6.2398782,53.32112
309,Timotheus,Ioannou,tioannou8k@bravesites.com,Male,Ireland,Balrothery,-6.1884248,53.5879156
310,Fionna,Keays,fkeays8l@cornell.edu,Female,Ireland,Carrigtwohill,-8.259128,51.908209
311,Laverne,Woodyatt,lwoodyatt8m@latimes.com,Female,Ireland,Castleblayney,-6.64937,54.10269
312,Monica,Ruppert,mruppert8n@patch.com,Female,Ireland,Oughterard,-6.1406578,53.2886387
313,Jaynell,Nottle,jnottle8o@youtu.be,Female,Ireland,Ballinteer,-6.2554371,53.2767301
314,Fianna,Oultram,foultram8p@blogger.com,Female,Ireland,Loughrea,-6.3506335,53.2911347
315,Velma,Algar,valgar8q@bbc.co.uk,Female,Ireland,Carrigaline,-8.3929404,51.8113447
316,Ignaz,Botterman,ibotterman8r@blogs.com,Male,Ireland,Manorhamilton,-8.1722002,54.3051891
317,Rosemaria,Bompas,rbompas8s@illinois.edu,Female,Ireland,Virginia,-6.2633149,53.377533
318,Ernestus,Jakeman,ejakeman8t@addtoany.com,Male,Ireland,Cobh,-8.298942,51.848898
319,Dennis,Chess,dchess8u@sitemeter.com,Male,Ireland,Castlebellingham,-6.391149,53.8996586
320,Kirby,Ableson,kableson8v@mapy.cz,Female,Ireland,Mullagh,-8.4977746,51.8895954
321,Matthew,Cardenoso,mcardenoso8w@tumblr.com,Male,Ireland,Bantry,-9.448724,51.680591
322,Else,Heindle,eheindle8x@sourceforge.net,Female,Ireland,Lucan,-9.4904891,52.6396679
323,Mona,Hutchings,mhutchings8y@redcross.org,Female,Ireland,Ballymun,-6.264963,53.3897152
324,Lynde,Skillett,lskillett8z@seattletimes.com,Female,Ireland,Ashbourne,-6.1215213,53.2724538
325,Chase,Beebee,cbeebee90@shinystat.com,Male,Ireland,Belmullet,-10.0320886,54.2223118
326,Carla,Northey,cnorthey91@sciencedaily.com,Female,Ireland,Boyle,-8.2969737,53.9735591
327,Timoteo,Lattos,tlattos92@sakura.ne.jp,Male,Ireland,Naas,-6.67045,53.213319
328,Melvyn,Labusch,mlabusch93@nhs.uk,Agender,Ireland,Youghal,-7.8434254,51.949401
329,Erin,Aylott,eaylott94@skype.com,Male,Ireland,Clogherhead,-6.2429997,53.7902634
330,Reece,Jenken,rjenken95@zimbio.com,Polygender,Ireland,Kingscourt,-6.2755912,53.3500473
331,Lorne,Castane,lcastane96@eepurl.com,Male,Ireland,Coolock,-6.1920933,53.3916434
332,Kain,Conroy,kconroy97@so-net.ne.jp,Male,Ireland,Ardee,-8.4784945,51.8815586
333,Oneida,Waltho,owaltho98@salon.com,Female,Ireland,Balrothery,-6.1884248,53.5879156
334,Kanya,Lyst,klyst99@technorati.com,Female,Ireland,Athy,-6.9858993,53.0018699
335,Forrest,Stapleton,fstapleton9a@springer.com,Male,Ireland,Gort,-8.9791425,52.8638391
336,Marven,Hearnah,mhearnah9b@nymag.com,Male,Ireland,Ballivor,-6.1191333,53.1915379
337,Reiko,Lemar,rlemar9c@scientificamerican.com,Female,Ireland,Ballymun,-6.264963,53.3897152
338,Juliann,Costain,jcostain9d@i2i.jp,Female,Ireland,Ballybofey,-7.74208,54.70972
339,Phillida,Knibbs,pknibbs9e@about.com,Female,Ireland,Ballyjamesduff,-7.086877,53.8363325
340,Rolph,Silverstone,rsilverstone9f@odnoklassniki.ru,Male,Ireland,Crumlin,-6.3048641,53.3284298
341,Katlin,Yarham,kyarham9g@senate.gov,Female,Ireland,Dunlewy,-6.1157412,53.2774963
342,Miner,Standbrook,mstandbrook9h@shop-pro.jp,Male,Ireland,Youghal,-7.8434254,51.949401
343,Ichabod,Barszczewski,ibarszczewski9i@ucsd.edu,Male,Ireland,Aghada,-8.4627451,54.25645
344,Hillie,Hales,hhales9j@wufoo.com,Male,Ireland,Ardee,-8.4784945,51.8815586
345,Annabel,Fillan,afillan9k@gnu.org,Female,Ireland,Greenhills,-6.336393,53.3122864
346,Karylin,Ruf,kruf9l@privacy.gov.au,Female,Ireland,Donnybrook,-6.2324705,53.3177535
347,Caesar,Lorey,clorey9m@google.com,Male,Ireland,Sandymount,-6.2152673,53.3323703
348,Carolan,Gresser,cgresser9n@washingtonpost.com,Female,Ireland,Balrothery,-6.1884248,53.5879156
349,Isacco,Ryce,iryce9o@linkedin.com,Male,Ireland,Charlesland,-6.0690645,53.1257486
350,Quinlan,Liverock,qliverock9p@hostgator.com,Male,Ireland,Dalkey,-6.1072403,53.2780047
351,Manon,Blundin,mblundin9q@jugem.jp,Female,Ireland,Cobh,-8.298942,51.848898
352,Alys,Clery,aclery9r@cpanel.net,Female,Ireland,Castlebellingham,-6.391149,53.8996586
353,Agnes,Micallef,amicallef9s@comcast.net,Female,Ireland,Ballymahon,-7.7655701,53.5650926
354,Renae,Devonald,rdevonald9t@furl.net,Female,Ireland,Milltown,-7.9027266,53.4148582
355,Bev,Kuschel,bkuschel9u@unesco.org,Female,Ireland,Balrothery,-6.1884248,53.5879156
356,Ricard,Bengtsson,rbengtsson9v@hostgator.com,Male,Ireland,Cill Airne,-6.2890702,53.3201497
357,Cathee,Stillert,cstillert9w@house.gov,Female,Ireland,Ashbourne,-6.1215213,53.2724538
358,Ortensia,Barraclough,obarraclough9x@youtube.com,Female,Ireland,Kilmacanoge,-6.139018,53.171935
359,Purcell,Gate,pgate9y@xinhuanet.com,Male,Ireland,Balally,-6.5899765,52.176031
360,Sanford,Allnatt,sallnatt9z@reverbnation.com,Male,Ireland,Bayside,-9.1097137,53.2582868
361,Marsiella,Cromly,mcromlya0@jigsy.com,Female,Ireland,Castlebridge,-6.5853664,53.378253
362,Thoma,Oxbrow,toxbrowa1@163.com,Male,Ireland,Castlerea,-8.6346959,53.7423435
363,Guillaume,Glancy,gglancya2@ow.ly,Male,Ireland,Aghada,-8.4627451,54.25645
364,Tedda,Hildrew,thildrewa3@accuweather.com,Female,Ireland,Kingscourt,-6.2755912,53.3500473
365,Fay,Bourbon,fbourbona4@nydailynews.com,Female,Ireland,Annacotty,-8.5369154,52.6681994
366,Aleksandr,Gowing,agowinga5@army.mil,Male,Ireland,Navan,-6.313755,53.366736
367,Milly,O'Callaghan,mocallaghana6@google.ru,Female,Ireland,Kinnegad,-9.1327273,53.806868
368,Junie,Fitchew,jfitchewa7@comsenz.com,Female,Ireland,Raphoe,-8.2755058,52.2627273
369,Sibel,Ashington,sashingtona8@sbwire.com,Female,Ireland,Ardee,-8.4784945,51.8815586
370,Durante,Goolden,dgooldena9@dell.com,Male,Ireland,Beaumont,-6.2057463,53.3870149
371,Billi,Pyford,bpyfordaa@icq.com,Female,Ireland,Swinford,-8.9480659,53.940892
372,Hamlen,Vial,hvialab@fotki.com,Male,Ireland,Daingean,-7.1297243,52.2509369
373,Eustace,Hegdonne,ehegdonneac@engadget.com,Male,Ireland,Dunleer,-8.5176583,51.8863277
374,Mischa,Cannings,mcanningsad@csmonitor.com,Male,Ireland,Oranmore,-9.7359765,54.1433253
375,Gerick,Hellmore,ghellmoreae@msu.edu,Male,Ireland,Nenagh,-8.2001004,52.86326
376,Keir,De Gregario,kdegregarioaf@symantec.com,Male,Ireland,Granard,-7.5011999,53.776647
377,Shanda,Beet,sbeetag@cocolog-nifty.com,Female,Ireland,Swords,-6.2071246,53.4562426
378,Marcie,Franklin,mfranklinah@istockphoto.com,Female,Ireland,Macroom,-8.958931,51.904635
379,Leon,Pinches,lpinchesai@cafepress.com,Male,Ireland,Kiltamagh,-8.9949917,53.8533151
380,Devin,Casperri,dcasperriaj@cbslocal.com,Female,Ireland,Cabinteely,-6.1603828,53.2599034
381,Darius,Clubbe,dclubbeak@simplemachines.org,Male,Ireland,Blessington,-8.5111664,51.8858819
382,Bale,Fissenden,bfissendenal@mysql.com,Male,Ireland,Kildare,-6.9140788,53.169971
383,Panchito,Crush,pcrusham@auda.org.au,Male,Ireland,Naas,-6.67045,53.213319
384,Brenna,Probat,bprobatan@imgur.com,Female,Ireland,Skerries,-6.1349155,53.5834008
385,Thorpe,Budge,tbudgeao@issuu.com,Male,Ireland,Glasnevin,-6.266734,53.3829319
386,Pacorro,Griss,pgrissap@acquirethisname.com,Male,Ireland,Kanturk,-8.9342111,52.182304
387,Cahra,Grieve,cgrieveaq@irs.gov,Female,Ireland,Tullyallen,-6.4241156,53.7369009
388,Theobald,Lapley,tlapleyar@ycombinator.com,Male,Ireland,Booterstown,-6.1979853,53.3046353
389,Lindsy,Copestick,lcopestickas@vimeo.com,Female,Ireland,Rathdrum,-6.163027,53.2339841
390,Kippar,Tatlock,ktatlockat@mayoclinic.com,Male,Ireland,Cabinteely,-6.1603828,53.2599034
391,Katlin,O'Hegertie,kohegertieau@apple.com,Female,Ireland,Virginia,-6.2633149,53.377533
392,Isadore,Tampling,itamplingav@cafepress.com,Bigender,Ireland,Kinsale,-6.251714,53.3169419
393,Georgina,Gammett,ggammettaw@globo.com,Non-binary,Ireland,Oranmore,-9.7359765,54.1433253
394,Zeb,Barnsley,zbarnsleyax@statcounter.com,Polygender,Ireland,Arklow,-8.4523258,51.880525
395,Monroe,Gill,mgillay@furl.net,Male,Ireland,Mullagh,-8.4977746,51.8895954
396,Jackelyn,Megainey,jmegaineyaz@scientificamerican.com,Polygender,Ireland,Piltown,-6.3025448,53.6920618
397,Had,Jensen,hjensenb0@phoca.cz,Male,Ireland,Cashel,-7.888894,52.516323
398,Imogene,Dailey,idaileyb1@friendfeed.com,Female,Ireland,Swinford,-8.9480659,53.940892
399,Alard,Tudbald,atudbaldb2@merriam-webster.com,Male,Ireland,Naas,-6.67045,53.213319
400,Kathrine,Purselowe,kpurseloweb3@woothemes.com,Non-binary,Ireland,Monaghan,-7.0943023,54.2694844
401,Lissie,Banasik,lbanasikb4@macromedia.com,Genderqueer,Ireland,Watergrasshill,-8.337871,52.0097259
402,Dicky,Snar,dsnarb5@twitter.com,Male,Ireland,Skibbereen,-9.268589,51.549106
403,Tabbie,Huonic,thuonicb6@facebook.com,Male,Ireland,Ballinteer,-6.2554371,53.2767301
404,Gare,Robb,grobbb7@free.fr,Male,Ireland,Monkstown,-8.9775014,52.8314927
405,Kamila,Gepson,kgepsonb8@cdc.gov,Genderfluid,Ireland,Malahide,-6.1479779,53.450694
406,Billi,Drever,bdreverb9@cyberchimps.com,Female,Ireland,Cashel,-7.888894,52.516323
407,Rabi,Gorhardt,rgorhardtba@goo.gl,Polygender,Ireland,Clondalkin,-6.4496384,53.3582341
408,Clarey,Balf,cbalfbb@newsvine.com,Female,Ireland,Kinnegad,-9.1327273,53.806868
409,Lefty,Roby,lrobybc@so-net.ne.jp,Male,Ireland,Ashbourne,-6.1215213,53.2724538
410,Porter,Grimsley,pgrimsleybd@nytimes.com,Male,Ireland,Milltown,-7.9027266,53.4148582
411,Oralle,Ferries,oferriesbe@wsj.com,Female,Ireland,Dungarvan,-6.1822287,53.3788495
412,Laurianne,Heakins,lheakinsbf@de.vu,Bigender,Ireland,Old Kilcullen,-6.7449927,53.1310185
413,Langsdon,Origan,loriganbg@over-blog.com,Male,Ireland,Mallow,-8.642661,52.1361219
414,Ernie,Knowles,eknowlesbh@yellowbook.com,Male,Ireland,Ballisodare,-8.5070436,54.2109904
415,Obie,Exrol,oexrolbi@multiply.com,Male,Ireland,Castlepollard,-7.2979911,53.6785169
416,Alonzo,Philipsohn,aphilipsohnbj@tmall.com,Male,Ireland,Charlesland,-6.0690645,53.1257486
417,Eddie,Ormiston,eormistonbk@hhs.gov,Bigender,Ireland,Blarney,-8.8562835,53.510243
418,Freddie,Slarke,fslarkebl@fema.gov,Male,Ireland,Templeogue,-6.3219759,53.2976886
419,Lorna,Munby,lmunbybm@npr.org,Agender,Ireland,Greenhills,-6.336393,53.3122864
420,Meryl,Adnams,madnamsbn@dailymotion.com,Male,Ireland,Bantry,-9.448724,51.680591
421,Massimo,Munford,mmunfordbo@cocolog-nifty.com,Male,Ireland,Moate,-6.1942058,53.3604483
422,Madeleine,Abelevitz,mabelevitzbp@cam.ac.uk,Female,Ireland,Naas,-6.67045,53.213319
423,Dilan,Essame,dessamebq@ustream.tv,Male,Ireland,Dunlewy,-6.1157412,53.2774963
424,Darb,Phippard,dphippardbr@xing.com,Female,Ireland,Ardee,-8.4784945,51.8815586
425,Darci,Dando,ddandobs@godaddy.com,Female,Ireland,Monaghan,-7.0943023,54.2694844
426,Georg,Binny,gbinnybt@taobao.com,Male,Ireland,Kilmacanoge,-6.139018,53.171935
427,Maurine,Douris,mdourisbu@indiatimes.com,Bigender,Ireland,Beaumont,-6.2057463,53.3870149
428,Ingamar,Horrell,ihorrellbv@businessweek.com,Male,Ireland,Shankill,-6.124065,53.231395
429,Emmi,Padson,epadsonbw@seesaa.net,Female,Ireland,Blarney,-8.8562835,53.510243
430,Holmes,Bremmell,hbremmellbx@ycombinator.com,Male,Ireland,Greystones,-6.0704904,53.1286984
431,Sansone,Stockdale,sstockdaleby@homestead.com,Male,Ireland,Bundoran,-8.2817353,54.4771768
432,Cecilio,Pascall,cpascallbz@blogger.com,Male,Ireland,Manorhamilton,-8.1722002,54.3051891
433,Alejandra,Gaucher,agaucherc0@uiuc.edu,Female,Ireland,Longford,-7.8004329,53.7283566
434,Gaylene,Ritson,gritsonc1@chronoengine.com,Female,Ireland,Skerries,-6.1349155,53.5834008
435,Miltie,Bauser,mbauserc2@bbc.co.uk,Male,Ireland,Dunleer,-8.5176583,51.8863277
436,Pamela,Ellis,pellisc3@europa.eu,Female,Ireland,Watergrasshill,-8.337871,52.0097259
437,Hilliary,Martland,hmartlandc4@jigsy.com,Female,Ireland,Blarney,-8.8562835,53.510243
438,Amalie,Starking,astarkingc5@seattletimes.com,Female,Ireland,Bundoran,-8.2817353,54.4771768
439,Jeffry,Lotterington,jlotteringtonc6@dion.ne.jp,Male,Ireland,Clonskeagh,-6.2387374,53.3141205
440,Garrek,Prawle,gprawlec7@wix.com,Male,Ireland,Glasnevin,-6.266734,53.3829319
441,Dorian,Avrahamoff,davrahamoffc8@mozilla.com,Male,Ireland,Bailieborough,-6.9711886,53.916791
442,Earlie,Newsham,enewshamc9@google.co.jp,Male,Ireland,Fermoy,-9.5003786,52.4458588
443,Estrella,Capstaff,ecapstaffca@wisc.edu,Bigender,Ireland,Monasterevin,-7.0625888,53.1387595
444,Norris,Huggett,nhuggettcb@mlb.com,Male,Ireland,Sutton,-6.1097188,53.3895926
445,Tate,Housecroft,thousecroftcc@nature.com,Male,Ireland,Cobh,-8.298942,51.848898
446,Virge,Mayhow,vmayhowcd@digg.com,Male,Ireland,Donnycarney,-6.218069,53.374266
447,Allen,Crennell,acrennellce@cnbc.com,Male,Ireland,Leixlip,-6.4887534,53.3653866
448,Curtice,Grinyer,cgrinyercf@census.gov,Male,Ireland,Gorey,-6.308522,52.665267
449,Crystie,Ugo,cugocg@huffingtonpost.com,Female,Ireland,Rathnew,-6.374155,53.3223974
450,Silvain,Bernhardi,sbernhardich@gnu.org,Male,Ireland,Youghal,-7.8434254,51.949401
451,Alley,Persehouse,apersehouseci@netlog.com,Male,Ireland,Youghal,-7.8434254,51.949401
452,Wilek,Longley,wlongleycj@imageshack.us,Male,Ireland,Adare,-6.176659,53.4487975
453,Killie,Ortet,kortetck@intel.com,Male,Ireland,Dromiskin,-6.4008792,53.9215606
454,Phoebe,Cleever,pcleevercl@usda.gov,Female,Ireland,Dalkey,-6.1072403,53.2780047
455,Othilia,Broadfoot,obroadfootcm@tamu.edu,Female,Ireland,Dromiskin,-6.4008792,53.9215606
456,Bobbe,Heads,bheadscn@ucoz.ru,Female,Ireland,Skerries,-6.1349155,53.5834008
457,Cherise,O'Cullen,cocullenco@barnesandnoble.com,Female,Ireland,Longwood,-6.2892907,53.310122
458,Devin,Sowerbutts,dsowerbuttscp@mtv.com,Male,Ireland,Midleton,-8.1722173,51.9138694
459,Dallis,Marczyk,dmarczykcq@youku.com,Bigender,Ireland,Swinford,-8.9480659,53.940892
460,Breena,Kosiada,bkosiadacr@usatoday.com,Female,Ireland,Daingean,-7.1297243,52.2509369
461,Hedy,D'Alesio,hdalesiocs@cnet.com,Female,Ireland,Balally,-6.5899765,52.176031
462,Rooney,Daynter,rdaynterct@gmpg.org,Male,Ireland,Stradbally,-8.5054897,52.7107501
463,Shelbi,Fransemai,sfransemaicu@netscape.com,Female,Ireland,Gort,-8.9791425,52.8638391
464,Arnold,Poulney,apoulneycv@businessweek.com,Male,Ireland,Booterstown,-6.1979853,53.3046353
465,Abrahan,Idney,aidneycw@tripod.com,Male,Ireland,Oughterard,-6.1406578,53.2886387
466,Suzie,Gaiger,sgaigercx@gravatar.com,Female,Ireland,Cashel,-7.888894,52.516323
467,Rivalee,Rummery,rrummerycy@reddit.com,Female,Ireland,Edgeworthstown,-7.606287,53.6972399
468,Frants,McVie,fmcviecz@dion.ne.jp,Male,Ireland,Ballisodare,-8.5070436,54.2109904
469,Gregg,Crumpe,gcrumped0@wunderground.com,Male,Ireland,Rathdrum,-6.163027,53.2339841
470,Fey,Huntley,fhuntleyd1@msn.com,Female,Ireland,Dalkey,-6.1072403,53.2780047
471,Dal,Shurmore,dshurmored2@github.io,Male,Ireland,Ashford,-6.3828795,53.385304
472,Michal,Pittet,mpittetd3@prnewswire.com,Male,Ireland,Gorey,-6.308522,52.665267
473,Jacinthe,Bindon,jbindond4@so-net.ne.jp,Female,Ireland,Annacotty,-8.5369154,52.6681994
474,Portie,Getcliff,pgetcliffd5@ifeng.com,Male,Ireland,Longford,-7.8004329,53.7283566
475,Fan,Catt,fcattd6@sciencedirect.com,Female,Ireland,Dunlewy,-6.1157412,53.2774963
476,Charmane,Emmer,cemmerd7@ihg.com,Female,Ireland,Monaghan,-7.0943023,54.2694844
477,Murray,Cornu,mcornud8@amazon.com,Male,Ireland,Bayside,-9.1097137,53.2582868
478,Roslyn,Larkby,rlarkbyd9@flavors.me,Female,Ireland,Greenhills,-6.336393,53.3122864
479,Patrice,Marre,pmarreda@nasa.gov,Male,Ireland,Cobh,-8.298942,51.848898
480,Griffith,Eddowis,geddowisdb@weibo.com,Male,Ireland,Gorey,-6.308522,52.665267
481,Vania,Garken,vgarkendc@wired.com,Female,Ireland,Belmullet,-10.0320886,54.2223118
482,Vonnie,Coombs,vcoombsdd@parallels.com,Female,Ireland,Sandymount,-6.2152673,53.3323703
483,Flora,Lowless,flowlessde@t.co,Female,Ireland,Tower,-80.7087609,35.7797381
484,Cristin,Olley,colleydf@google.pl,Female,Ireland,Bantry,-9.448724,51.680591
485,Cam,Hillyatt,chillyattdg@smugmug.com,Male,Ireland,Raphoe,-8.2755058,52.2627273
486,Thedrick,De Matteis,tdematteisdh@ed.gov,Male,Ireland,Newmarket on Fergus,-8.8950821,52.7604883
487,Charity,Elham,celhamdi@earthlink.net,Female,Ireland,Ratoath,-6.4671298,53.5050031
488,Rand,Laval,rlavaldj@senate.gov,Male,Ireland,Daingean,-7.1297243,52.2509369
489,Henri,Pharrow,hpharrowdk@imgur.com,Male,Ireland,Skibbereen,-9.268589,51.549106
490,Laurel,Heindrick,lheindrickdl@hostgator.com,Female,Ireland,Rathdrum,-6.163027,53.2339841
491,Derril,Musselwhite,dmusselwhitedm@sfgate.com,Genderfluid,Ireland,Monasterevin,-7.0625888,53.1387595
492,Eamon,Michelle,emichelledn@geocities.jp,Male,Ireland,Rathangan,-6.9898366,53.2265199
493,Angelique,Kabsch,akabschdo@va.gov,Female,Ireland,Foxrock,-6.1011147,53.2000455
494,Beverlee,Frisel,bfriseldp@smugmug.com,Female,Ireland,Bailieborough,-6.9711886,53.916791
495,Tucker,Porrett,tporrettdq@vk.com,Male,Ireland,Booterstown,-6.1979853,53.3046353
496,Karleen,Crossman,kcrossmandr@fotki.com,Female,Ireland,Ballyhaunis,-8.7683674,53.7942932
497,Sosanna,Pacht,spachtds@state.gov,Female,Ireland,Ballylinan,-7.0472382,52.9480781
498,Colman,D'Alessandro,cdalessandrodt@blogtalkradio.com,Male,Ireland,Killumney,-8.6340751,52.6638144
499,Adda,Frenchum,afrenchumdu@loc.gov,Female,Ireland,Cobh,-8.298942,51.848898
500,Giacopo,Achromov,gachromovdv@hc360.com,Male,Ireland,Thomastown,-6.7434401,53.2229873
501,Megen,Strutton,mstruttondw@sbwire.com,Female,Ireland,Raphoe,-8.2755058,52.2627273
502,Nichole,Nursey,nnurseydx@simplemachines.org,Female,Ireland,Kildare,-6.9140788,53.169971
503,Delmer,McCully,dmccullydy@hibu.com,Male,Ireland,Birr,-7.9139891,53.0949398
504,Alverta,Hasling,ahaslingdz@businessinsider.com,Female,Ireland,Swords,-6.2071246,53.4562426
505,Ethelred,Langeren,elangerene0@rediff.com,Male,Ireland,Askeaton,-8.9706844,52.6004448
506,Livvyy,Zorzenoni,lzorzenonie1@sfgate.com,Female,Ireland,Ferbane,-8.4824714,51.8862378
507,Orion,Paxton,opaxtone2@usatoday.com,Male,Ireland,Cashel,-7.888894,52.516323
508,Lauraine,Lamort,llamorte3@google.co.jp,Non-binary,Ireland,Milltown,-7.9027266,53.4148582
509,Almeda,Turpey,aturpeye4@php.net,Female,Ireland,Greystones,-6.0704904,53.1286984
510,Amalita,Gain,againe5@chicagotribune.com,Female,Ireland,Midleton,-8.1722173,51.9138694
511,Saudra,Coultas,scoultase6@wisc.edu,Female,Ireland,Confey,-6.5028415,53.3806398
512,Blisse,McGrady,bmcgradye7@spotify.com,Female,Ireland,Cherryville,-7.1111732,52.2513095
513,Bert,Oliveira,boliveirae8@washingtonpost.com,Female,Ireland,Daingean,-7.1297243,52.2509369
514,Kippie,Deverell,kdeverelle9@ft.com,Female,Ireland,Kildare,-6.9140788,53.169971
515,Rolph,Nealy,rnealyea@blogspot.com,Male,Ireland,Cabinteely,-6.1603828,53.2599034
516,Ailyn,Maddy,amaddyeb@nps.gov,Female,Ireland,Tallaght,-6.3660863,53.2874153
517,Andromache,Rockliffe,arockliffeec@macromedia.com,Female,Ireland,Dún Laoghaire,-6.133718,53.291512
518,Diego,Hefforde,dheffordeed@twitpic.com,Male,Ireland,Blessington,-8.5111664,51.8858819
519,Otes,Andrysiak,oandrysiakee@youku.com,Male,Ireland,Killumney,-8.6340751,52.6638144
520,Lissa,Ilyin,lilyinef@washingtonpost.com,Female,Ireland,Athy,-6.9858993,53.0018699
521,Gunter,Parlett,gparletteg@simplemachines.org,Male,Ireland,Dromiskin,-6.4008792,53.9215606
522,Emmye,Trustie,etrustieeh@yelp.com,Female,Ireland,Castleblayney,-6.64937,54.10269
523,Becky,Poulsen,bpoulsenei@ezinearticles.com,Female,Ireland,Cobh,-8.298942,51.848898
524,Katherine,Heers,kheersej@51.la,Female,Ireland,Gort,-8.9791425,52.8638391
525,Sara,Maric,smaricek@marketwatch.com,Female,Ireland,Old Kilcullen,-6.7449927,53.1310185
526,Liana,Casotti,lcasottiel@europa.eu,Female,Ireland,Balrothery,-6.1884248,53.5879156
527,Jeddy,Golden,jgoldenem@mysql.com,Male,Ireland,Cherryville,-7.1111732,52.2513095
528,Nikki,Keelan,nkeelanen@tiny.cc,Female,Ireland,Belmullet,-10.0320886,54.2223118
529,Matilde,Eingerfield,meingerfieldeo@ovh.net,Female,Ireland,Tuam,-8.83565,53.49417
530,Rancell,Lent,rlentep@who.int,Male,Ireland,Skibbereen,-9.268589,51.549106
531,Lorette,Treadgall,ltreadgalleq@hostgator.com,Female,Ireland,Kiltamagh,-8.9949917,53.8533151
532,Marcus,Kenset,mkenseter@cbslocal.com,Male,Ireland,Skerries,-6.1349155,53.5834008
533,Carlynne,Tythe,ctythees@over-blog.com,Genderfluid,Ireland,Ratoath,-6.4671298,53.5050031
534,Monroe,Klimsch,mklimschet@springer.com,Male,Ireland,Manorhamilton,-8.1722002,54.3051891
535,Sean,Waslin,swaslineu@discuz.net,Female,Ireland,Edgeworthstown,-7.606287,53.6972399
536,Miquela,Gyde,mgydeev@opensource.org,Female,Ireland,Dublin,-6.2427004,53.3347733
537,Federico,Monckton,fmoncktonew@surveymonkey.com,Male,Ireland,Ballybofey,-7.74208,54.70972
538,Vivianna,Tullett,vtullettex@berkeley.edu,Female,Ireland,Ratoath,-6.4671298,53.5050031
539,Gallard,Ourtic,gourticey@fda.gov,Male,Ireland,Castlebridge,-6.5853664,53.378253
540,Chen,Sambrok,csambrokez@simplemachines.org,Male,Ireland,Ballyjamesduff,-7.086877,53.8363325
541,Kittie,Crosland,kcroslandf0@toplist.cz,Female,Ireland,Portumna,-8.2215941,53.0917381
542,Martina,Rumsby,mrumsbyf1@slashdot.org,Female,Ireland,Donnybrook,-6.2324705,53.3177535
543,Jourdain,Everington,jeveringtonf2@dagondesign.com,Genderqueer,Ireland,Blessington,-8.5111664,51.8858819
544,Kristos,Tibald,ktibaldf3@mashable.com,Male,Ireland,Virginia,-6.2633149,53.377533
545,Vivienne,Tuppeny,vtuppenyf4@bbb.org,Female,Ireland,Kiltamagh,-8.9949917,53.8533151
546,Doralynn,Roddam,droddamf5@shareasale.com,Genderfluid,Ireland,Bagenalstown,-6.9692181,52.7009338
547,Jacintha,Albarez,jalbarezf6@angelfire.com,Female,Ireland,Naas,-6.67045,53.213319
548,Coriss,Suttie,csuttief7@microsoft.com,Female,Ireland,Cobh,-8.298942,51.848898
549,Ashlin,Drife,adrifef8@jimdo.com,Male,Ireland,Kill,-6.5924609,53.2482376
550,Lois,Anshell,lanshellf9@domainmarket.com,Female,Ireland,Granard,-7.5011999,53.776647
551,Bartholomeus,Rehorek,brehorekfa@prnewswire.com,Male,Ireland,Ballyjamesduff,-7.086877,53.8363325
552,Cully,Lates,clatesfb@kickstarter.com,Male,Ireland,Beaumont,-6.2057463,53.3870149
553,Annetta,Giraldez,agiraldezfc@stanford.edu,Female,Ireland,Caherconlish,-8.3545704,52.5593605
554,Celestia,Codman,ccodmanfd@unicef.org,Female,Ireland,Blessington,-8.5111664,51.8858819
555,Babara,Teanby,bteanbyfe@reference.com,Agender,Ireland,Raphoe,-8.2755058,52.2627273
556,Franchot,O' Reagan,foreaganff@squarespace.com,Male,Ireland,Sallins,-6.6633404,53.2492381
557,Rufus,Hamby,rhambyfg@eepurl.com,Male,Ireland,Balally,-6.5899765,52.176031
558,Loy,Pero,lperofh@ebay.com,Male,Ireland,Ballyjamesduff,-7.086877,53.8363325
559,Tammi,Kocher,tkocherfi@goo.ne.jp,Female,Ireland,Ballymun,-6.264963,53.3897152
560,Nels,Shingfield,nshingfieldfj@studiopress.com,Male,Ireland,Gweedore,-9.0288689,53.2737147
561,Matias,Jahncke,mjahnckefk@istockphoto.com,Male,Ireland,Dunlewy,-6.1157412,53.2774963
562,Peri,Brandt,pbrandtfl@skyrock.com,Female,Ireland,Gorey,-6.308522,52.665267
563,Merci,Jeanes,mjeanesfm@latimes.com,Female,Ireland,Aghada,-8.4627451,54.25645
564,Eddie,Dulany,edulanyfn@sphinn.com,Male,Ireland,Donabate,-6.1544115,53.4855448
565,Jillana,Ketch,jketchfo@patch.com,Female,Ireland,Castlepollard,-7.2979911,53.6785169
566,Amil,MacDirmid,amacdirmidfp@gov.uk,Female,Ireland,Boyle,-8.2969737,53.9735591
567,Isidora,Shillabeer,ishillabeerfq@flickr.com,Female,Ireland,Annacotty,-8.5369154,52.6681994
568,Davita,Zaniolo,dzaniolofr@marketwatch.com,Genderfluid,Ireland,Gorey,-6.308522,52.665267
569,Vere,Giddens,vgiddensfs@uiuc.edu,Female,Ireland,Ratoath,-6.4671298,53.5050031
570,Sydney,McGow,smcgowft@creativecommons.org,Male,Ireland,Tuam,-8.83565,53.49417
571,Carmine,Rowbury,crowburyfu@boston.com,Non-binary,Ireland,Cabinteely,-6.1603828,53.2599034
572,Odessa,Bramer,obramerfv@mapquest.com,Female,Ireland,Greenhills,-6.336393,53.3122864
573,Hodge,Darycott,hdarycottfw@dyndns.org,Male,Ireland,Dungarvan,-6.1822287,53.3788495
574,Shannah,Woolfenden,swoolfendenfx@senate.gov,Female,Ireland,Prosperous,-6.7515223,53.2888321
575,Mick,Paddy,mpaddyfy@webmd.com,Male,Ireland,Raheny,-6.1820563,53.3786861
576,Barry,Armatys,barmatysfz@gizmodo.com,Female,Ireland,Athlone,-7.9428197,53.4231032
577,Alvis,Houten,ahouteng0@irs.gov,Male,Ireland,Tullyallen,-6.4241156,53.7369009
578,Hermione,Simeons,hsimeonsg1@shutterfly.com,Female,Ireland,Dublin,-6.2427004,53.3347733
579,Evvy,Fahrenbach,efahrenbachg2@theguardian.com,Polygender,Ireland,Bantry,-9.448724,51.680591
580,Daryle,Brockington,dbrockingtong3@last.fm,Male,Ireland,Ballymahon,-7.7655701,53.5650926
581,Cullen,Inchley,cinchleyg4@oakley.com,Male,Ireland,Ferbane,-8.4824714,51.8862378
582,Dacey,Thomtson,dthomtsong5@time.com,Female,Ireland,Adare,-6.176659,53.4487975
583,Lawry,Gyenes,lgyenesg6@soup.io,Male,Ireland,Booterstown,-6.1979853,53.3046353
584,Laina,Aggas,laggasg7@wikispaces.com,Female,Ireland,Dunleer,-8.5176583,51.8863277
585,Nicholle,Larimer,nlarimerg8@abc.net.au,Female,Ireland,Balrothery,-6.1884248,53.5879156
586,Karly,MacGuigan,kmacguigang9@fda.gov,Female,Ireland,Dalkey,-6.1072403,53.2780047
587,Matt,Perkin,mperkinga@latimes.com,Male,Ireland,Ashbourne,-6.1215213,53.2724538
588,Elisha,Kubach,ekubachgb@wikispaces.com,Female,Ireland,Prosperous,-6.7515223,53.2888321
589,Joela,Gerhartz,jgerhartzgc@guardian.co.uk,Polygender,Ireland,Clifden,-10.022186,53.488087
590,Darbee,Peerless,dpeerlessgd@alexa.com,Male,Ireland,Bundoran,-8.2817353,54.4771768
591,Brand,Mounch,bmounchge@nifty.com,Male,Ireland,Ashbourne,-6.1215213,53.2724538
592,Adorne,Seaton,aseatongf@digg.com,Female,Ireland,Newmarket on Fergus,-8.8950821,52.7604883
593,Tessi,Mateiko,tmateikogg@cam.ac.uk,Female,Ireland,Sutton,-6.1097188,53.3895926
594,Elfrieda,Nisius,enisiusgh@digg.com,Female,Ireland,Carrigtwohill,-8.259128,51.908209
595,Emalia,Andress,eandressgi@huffingtonpost.com,Female,Ireland,Monasterevin,-7.0625888,53.1387595
596,Lemmie,Currum,lcurrumgj@yolasite.com,Male,Ireland,Dalkey,-6.1072403,53.2780047
597,Rodney,Coombes,rcoombesgk@jigsy.com,Male,Ireland,Dromiskin,-6.4008792,53.9215606
598,Candi,Eslemont,ceslemontgl@pinterest.com,Female,Ireland,Tullyallen,-6.4241156,53.7369009
599,Bourke,Teggart,bteggartgm@cnet.com,Male,Ireland,Aughrim,-6.366762,53.2987724
600,Abby,Alphonso,aalphonsogn@reddit.com,Female,Ireland,Dunlewy,-6.1157412,53.2774963
601,Verge,Burnip,vburnipgo@mapquest.com,Male,Ireland,Kinnegad,-9.1327273,53.806868
602,Jude,Gomm,jgommgp@purevolume.com,Male,Ireland,Sandymount,-6.2152673,53.3323703
603,Robina,Doogan,rdoogangq@github.com,Female,Ireland,Midleton,-8.1722173,51.9138694
604,Matilda,Juszczyk,mjuszczykgr@salon.com,Female,Ireland,Valleymount,-6.3077823,53.3655256
605,Kristen,Jervois,kjervoisgs@harvard.edu,Female,Ireland,Ballinteer,-6.2554371,53.2767301
606,Boris,Ianni,biannigt@bing.com,Male,Ireland,Monkstown,-8.9775014,52.8314927
607,Yvonne,Hully,yhullygu@apple.com,Female,Ireland,Athy,-6.9858993,53.0018699
608,Terri-jo,Zannotti,tzannottigv@bravesites.com,Female,Ireland,Dunleer,-8.5176583,51.8863277
609,Any,Ducker,aduckergw@example.com,Male,Ireland,Kiltamagh,-8.9949917,53.8533151
610,Emilee,McGrorty,emcgrortygx@indiegogo.com,Female,Ireland,Donegal,-8.5946591,54.632283
611,Kaiser,Shearwood,kshearwoodgy@1und1.de,Male,Ireland,Portarlington,-7.185387,53.158984
612,Moreen,Sidebottom,msidebottomgz@a8.net,Female,Ireland,Shankill,-6.124065,53.231395
613,Alfonse,Calvey,acalveyh0@virginia.edu,Male,Ireland,Charlesland,-6.0690645,53.1257486
614,Donella,Nilles,dnillesh1@umich.edu,Female,Ireland,Milltown,-7.9027266,53.4148582
615,Danya,Trusdale,dtrusdaleh2@dedecms.com,Male,Ireland,Blessington,-8.5111664,51.8858819
616,Donovan,Dillingstone,ddillingstoneh3@free.fr,Male,Ireland,Cabinteely,-6.1603828,53.2599034
617,Cathi,Buntain,cbuntainh4@wunderground.com,Female,Ireland,Ashbourne,-6.1215213,53.2724538
618,Ogdon,Matijevic,omatijevich5@about.com,Male,Ireland,Sutton,-6.1097188,53.3895926
619,Riordan,Bourbon,rbourbonh6@joomla.org,Male,Ireland,Edgeworthstown,-7.606287,53.6972399
620,Celie,Gostage,cgostageh7@imdb.com,Female,Ireland,Oranmore,-9.7359765,54.1433253
621,Dorris,Wyllie,dwyllieh8@google.com.hk,Non-binary,Ireland,Cabinteely,-6.1603828,53.2599034
622,Melony,Cliffe,mcliffeh9@apple.com,Female,Ireland,Moycullen,-9.159604,53.302644
623,Selma,Guerrazzi,sguerrazziha@dyndns.org,Female,Ireland,Clones,-7.2314132,54.1794814
624,Trudey,Love,tlovehb@comsenz.com,Female,Ireland,Dromiskin,-6.4008792,53.9215606
625,Bertrand,Lamberton,blambertonhc@ox.ac.uk,Male,Ireland,Carrigaline,-8.3929404,51.8113447
626,Ki,Burdfield,kburdfieldhd@linkedin.com,Female,Ireland,Moycullen,-9.159604,53.302644
627,Casper,Blum,cblumhe@nbcnews.com,Bigender,Ireland,Clonskeagh,-6.2387374,53.3141205
628,Filippa,Heaps,fheapshf@deliciousdays.com,Female,Ireland,Kilmacanoge,-6.139018,53.171935
629,Colby,Duckerin,cduckerinhg@unc.edu,Male,Ireland,Milltown,-7.9027266,53.4148582
630,Jermain,McIleen,jmcileenhh@ask.com,Male,Ireland,Annacotty,-8.5369154,52.6681994
631,Charmion,Boosey,cbooseyhi@shutterfly.com,Female,Ireland,Birr,-7.9139891,53.0949398
632,Paige,Bugdall,pbugdallhj@fastcompany.com,Male,Ireland,Ballinteer,-6.2554371,53.2767301
633,Binni,Nosworthy,bnosworthyhk@histats.com,Female,Ireland,Virginia,-6.2633149,53.377533
634,Homere,Eitter,heitterhl@sfgate.com,Male,Ireland,Kilmacanoge,-6.139018,53.171935
635,Dareen,Jeynes,djeyneshm@ow.ly,Female,Ireland,Tralee,-7.0833118,52.2413206
636,Lonny,Duggen,lduggenhn@goo.ne.jp,Male,Ireland,Castlepollard,-7.2979911,53.6785169
637,Eveline,Tungay,etungayho@zimbio.com,Female,Ireland,Navan,-6.313755,53.366736
638,Merry,Chapple,mchapplehp@list-manage.com,Male,Ireland,Fairview,-6.4202878,54.0026343
639,Garrot,Ivkovic,givkovichq@cnn.com,Male,Ireland,Athy,-6.9858993,53.0018699
640,Aile,Moston,amostonhr@hatena.ne.jp,Agender,Ireland,Loughrea,-6.3506335,53.2911347
641,Bevon,Norres,bnorreshs@yellowbook.com,Male,Ireland,Portarlington,-7.185387,53.158984
642,Vitia,Vannuccinii,vvannucciniiht@umn.edu,Female,Ireland,Listowel,-9.4851741,52.4460804
643,Orel,Pitrelli,opitrellihu@delicious.com,Female,Ireland,Ballyhaunis,-8.7683674,53.7942932
644,Gregorio,Gorgen,ggorgenhv@taobao.com,Bigender,Ireland,Ardee,-8.4784945,51.8815586
645,Aila,Schirach,aschirachhw@cbsnews.com,Female,Ireland,Cobh,-8.298942,51.848898
646,Fredelia,Seamarke,fseamarkehx@wikimedia.org,Female,Ireland,Dublin,-6.2427004,53.3347733
647,Bing,Templar,btemplarhy@accuweather.com,Male,Ireland,Milltown,-7.9027266,53.4148582
648,Cazzie,Malamore,cmalamorehz@ustream.tv,Male,Ireland,Piltown,-6.3025448,53.6920618
649,Udell,Trigwell,utrigwelli0@umn.edu,Male,Ireland,Ashbourne,-6.1215213,53.2724538
650,Arlie,Whight,awhighti1@mac.com,Female,Ireland,Listowel,-9.4851741,52.4460804
651,Tod,Yon,tyoni2@sciencedaily.com,Male,Ireland,Malahide,-6.1479779,53.450694
652,Amara,Slora,aslorai3@archive.org,Female,Ireland,Donnycarney,-6.218069,53.374266
653,Valera,Farrow,vfarrowi4@dell.com,Female,Ireland,Watergrasshill,-8.337871,52.0097259
654,Son,Osboldstone,sosboldstonei5@weather.com,Genderqueer,Ireland,Piltown,-6.3025448,53.6920618
655,Eli,Pinkard,epinkardi6@gmpg.org,Male,Ireland,Askeaton,-8.9706844,52.6004448
656,Addie,McIlvaney,amcilvaneyi7@last.fm,Male,Ireland,Charlesland,-6.0690645,53.1257486
657,Martino,Stenyng,mstenyngi8@theatlantic.com,Male,Ireland,Boyle,-8.2969737,53.9735591
658,Horten,Freschi,hfreschii9@ucoz.ru,Male,Ireland,Tralee,-7.0833118,52.2413206
659,Stanly,Manterfield,smanterfieldia@jalbum.net,Male,Ireland,Dundrum,-6.2508196,53.2866372
660,Loutitia,Seagrove,lseagroveib@instagram.com,Female,Ireland,Clogherhead,-6.2429997,53.7902634
661,Steffane,Devonside,sdevonsideic@uol.com.br,Female,Ireland,Charlesland,-6.0690645,53.1257486
662,Reese,Schorah,rschorahid@blogs.com,Male,Ireland,Birr,-7.9139891,53.0949398
663,Oralla,Marie,omarieie@merriam-webster.com,Female,Ireland,Clonskeagh,-6.2387374,53.3141205
664,Janis,Baldi,jbaldiif@freewebs.com,Female,Ireland,Charlesland,-6.0690645,53.1257486
665,Prent,Della,pdellaig@unblog.fr,Male,Ireland,Foxrock,-6.1011147,53.2000455
666,Roy,Welling,rwellingih@yale.edu,Male,Ireland,Tralee,-7.0833118,52.2413206
667,Arni,Staresmeare,astaresmeareii@ucoz.ru,Male,Ireland,Ballyjamesduff,-7.086877,53.8363325
668,Felix,Wycliffe,fwycliffeij@independent.co.uk,Male,Ireland,Tuam,-8.83565,53.49417
669,Milly,Ubee,mubeeik@networkadvertising.org,Genderfluid,Ireland,Gort,-8.9791425,52.8638391
670,Hamilton,Gritland,hgritlandil@wikispaces.com,Male,Ireland,Kinsale,-6.251714,53.3169419
671,Gawain,Shergold,gshergoldim@bizjournals.com,Male,Ireland,Charlesland,-6.0690645,53.1257486
672,Hendrik,Descroix,hdescroixin@friendfeed.com,Male,Ireland,Dundrum,-6.2508196,53.2866372
673,Gunilla,Lafoy,glafoyio@prnewswire.com,Female,Ireland,Cavan,-7.297914,54.026345
674,Ethyl,Purves,epurvesip@vinaora.com,Bigender,Ireland,Fairview,-6.4202878,54.0026343
675,Barbara-anne,Hevner,bhevneriq@state.gov,Female,Ireland,Rathangan,-6.9898366,53.2265199
676,Cristin,Mochan,cmochanir@mit.edu,Genderfluid,Ireland,Killorglin,-9.7850991,52.1058991
677,Kerry,Burney,kburneyis@canalblog.com,Male,Ireland,Malahide,-6.1479779,53.450694
678,Yasmeen,Vedeshkin,yvedeshkinit@washingtonpost.com,Female,Ireland,Kanturk,-8.9342111,52.182304
679,Deena,Seekings,dseekingsiu@multiply.com,Female,Ireland,Aughrim,-6.366762,53.2987724
680,Erek,Danielian,edanielianiv@prlog.org,Male,Ireland,Carrigtwohill,-8.259128,51.908209
681,Elysia,Cianni,ecianniiw@jigsy.com,Female,Ireland,Cloyne,-6.2398782,53.32112
682,Hadley,Carrigan,hcarriganix@furl.net,Male,Ireland,Clifden,-10.022186,53.488087
683,Lanette,Ruprecht,lruprechtiy@yellowbook.com,Female,Ireland,Clifden,-10.022186,53.488087
684,Gill,Wilacot,gwilacotiz@stumbleupon.com,Male,Ireland,Birr,-7.9139891,53.0949398
685,Murial,Aggs,maggsj0@purevolume.com,Female,Ireland,Kinlough,-6.1136478,53.2121335
686,Engelbert,Giorgeschi,egiorgeschij1@jiathis.com,Polygender,Ireland,Templeogue,-6.3219759,53.2976886
687,Isabelita,Brachell,ibrachellj2@howstuffworks.com,Female,Ireland,Old Kilcullen,-6.7449927,53.1310185
688,Alden,Gorner,agornerj3@kickstarter.com,Male,Ireland,Kinsealy-Drinan,-6.1644997,53.4266145
689,Catie,Fowgies,cfowgiesj4@go.com,Female,Ireland,Foxrock,-6.1011147,53.2000455
690,Kasey,Mugleston,kmuglestonj5@gravatar.com,Female,Ireland,Sandymount,-6.2152673,53.3323703
691,Brnaby,Imeson,bimesonj6@columbia.edu,Male,Ireland,Cobh,-8.298942,51.848898
692,Samantha,Rodrigo,srodrigoj7@1688.com,Female,Ireland,Carrigtwohill,-8.259128,51.908209
693,Harlin,Clows,hclowsj8@amazon.co.jp,Male,Ireland,Sutton,-6.1097188,53.3895926
694,Kamila,Gracewood,kgracewoodj9@google.pl,Female,Ireland,Listowel,-9.4851741,52.4460804
695,Heywood,Purnell,hpurnellja@independent.co.uk,Male,Ireland,Boyle,-8.2969737,53.9735591
696,Anna-diana,Ferrierio,aferrieriojb@seesaa.net,Agender,Ireland,Ashford,-6.3828795,53.385304
697,Tammara,Bernadot,tbernadotjc@mashable.com,Female,Ireland,Booterstown,-6.1979853,53.3046353
698,Niccolo,Youd,nyoudjd@is.gd,Male,Ireland,Monasterevin,-7.0625888,53.1387595
699,Gamaliel,Krysiak,gkrysiakje@ask.com,Male,Ireland,Kinsale,-6.251714,53.3169419
700,Dolly,Grahamslaw,dgrahamslawjf@si.edu,Female,Ireland,Ferbane,-8.4824714,51.8862378
701,Gerianna,Weekland,gweeklandjg@acquirethisname.com,Female,Ireland,Donnybrook,-6.2324705,53.3177535
702,Kynthia,Vasentsov,kvasentsovjh@gravatar.com,Female,Ireland,Rathwire,-7.145971,53.508326
703,Chiarra,Hallsworth,challsworthji@imdb.com,Female,Ireland,Castlepollard,-7.2979911,53.6785169
704,Rey,MacGow,rmacgowjj@apple.com,Male,Ireland,Kinsealy-Drinan,-6.1644997,53.4266145
705,Walther,De Giorgi,wdegiorgijk@sciencedaily.com,Male,Ireland,Ballylinan,-7.0472382,52.9480781
706,Clement,Compson,ccompsonjl@shareasale.com,Male,Ireland,Dublin,-6.2427004,53.3347733
707,Koenraad,Garmons,kgarmonsjm@linkedin.com,Male,Ireland,Blessington,-8.5111664,51.8858819
708,Gloriana,Campelli,gcampellijn@freewebs.com,Female,Ireland,Donnybrook,-6.2324705,53.3177535
709,Aurie,Kaman,akamanjo@merriam-webster.com,Agender,Ireland,Dunmanway,-9.1115941,51.7203863
710,Agnella,Skipworth,askipworthjp@twitter.com,Polygender,Ireland,Newmarket on Fergus,-8.8950821,52.7604883
711,Mischa,Presser,mpresserjq@businesswire.com,Male,Ireland,Ballivor,-6.1191333,53.1915379
712,Jillana,Boost,jboostjr@bloglovin.com,Female,Ireland,Naas,-6.67045,53.213319
713,Kelly,Trembey,ktrembeyjs@pcworld.com,Female,Ireland,Ballyjamesduff,-7.086877,53.8363325
714,Astra,Mandal,amandaljt@fema.gov,Female,Ireland,Ballyjamesduff,-7.086877,53.8363325
715,Selie,Towll,stowllju@youku.com,Bigender,Ireland,Tralee,-7.0833118,52.2413206
716,Marja,Pareman,mparemanjv@gmpg.org,Female,Ireland,Bearna,-6.2340942,53.2993199
717,Delcina,Dunbobin,ddunbobinjw@soundcloud.com,Female,Ireland,Ballyboden,-6.3049392,53.3021194
718,Kriste,Youthed,kyouthedjx@g.co,Female,Ireland,Dalkey,-6.1072403,53.2780047
719,Verney,Rossbrooke,vrossbrookejy@rakuten.co.jp,Male,Ireland,Tower,-80.7087609,35.7797381
720,Terrell,Giannazzo,tgiannazzojz@merriam-webster.com,Male,Ireland,Monasterevin,-7.0625888,53.1387595
721,Kendell,Lamden,klamdenk0@utexas.edu,Male,Ireland,Monkstown,-8.9775014,52.8314927
722,Lorianna,Haibel,lhaibelk1@istockphoto.com,Female,Ireland,Listowel,-9.4851741,52.4460804
723,Elianore,Bordis,ebordisk2@artisteer.com,Female,Ireland,Skibbereen,-9.268589,51.549106
724,Hadley,Hain,hhaink3@tmall.com,Male,Ireland,Watergrasshill,-8.337871,52.0097259
725,Keen,Knowller,kknowllerk4@gnu.org,Male,Ireland,Athlone,-7.9428197,53.4231032
726,Bartlett,Espinho,bespinhok5@wordpress.org,Male,Ireland,Castleknock,-9.0248232,53.2760162
727,Hussein,Veld,hveldk6@livejournal.com,Male,Ireland,Dromiskin,-6.4008792,53.9215606
728,Ricoriki,Calvard,rcalvardk7@nih.gov,Male,Ireland,Dalkey,-6.1072403,53.2780047
729,Cass,Cothey,ccotheyk8@scribd.com,Male,Ireland,Cloyne,-6.2398782,53.32112
730,Andriette,Clampe,aclampek9@ibm.com,Female,Ireland,Piltown,-6.3025448,53.6920618
731,Patty,Bissill,pbissillka@123-reg.co.uk,Female,Ireland,Manorhamilton,-8.1722002,54.3051891
732,Malorie,Jacobowicz,mjacobowiczkb@alibaba.com,Female,Ireland,Balrothery,-6.1884248,53.5879156
733,Dillie,Mushett,dmushettkc@joomla.org,Male,Ireland,Ballinroad,-7.5717688,52.1045472
734,Stacie,Hollingby,shollingbykd@rediff.com,Female,Ireland,Kinlough,-6.1136478,53.2121335
735,Reidar,Brierly,rbrierlyke@sbwire.com,Male,Ireland,Claremorris,-8.334953,51.8610022
736,Elonore,Meenehan,emeenehankf@redcross.org,Female,Ireland,Bagenalstown,-6.9692181,52.7009338
737,Marabel,Beceril,mbecerilkg@geocities.com,Female,Ireland,Monkstown,-8.9775014,52.8314927
738,Hamlen,Copcott,hcopcottkh@sakura.ne.jp,Male,Ireland,Kilmacanoge,-6.139018,53.171935
739,Evan,Giddings,egiddingski@msu.edu,Genderqueer,Ireland,Youghal,-7.8434254,51.949401
740,Amie,Mathison,amathisonkj@meetup.com,Female,Ireland,Bearna,-6.2340942,53.2993199
741,Bryce,Crisall,bcrisallkk@utexas.edu,Male,Ireland,Rathdrum,-6.163027,53.2339841
742,Carmelle,Cosin,ccosinkl@reverbnation.com,Female,Ireland,Kanturk,-8.9342111,52.182304
743,Audrie,Bellringer,abellringerkm@free.fr,Female,Ireland,Malahide,-6.1479779,53.450694
744,Mareah,Oke,mokekn@ucsd.edu,Female,Ireland,Kinsealy-Drinan,-6.1644997,53.4266145
745,Jada,Bim,jbimko@cnet.com,Female,Ireland,Carrigaline,-8.3929404,51.8113447
746,Baxie,Lamplough,blamploughkp@latimes.com,Male,Ireland,Swords,-6.2071246,53.4562426
747,Fredrick,Bewlay,fbewlaykq@edublogs.org,Male,Ireland,Milltown,-7.9027266,53.4148582
748,Lezley,Forstall,lforstallkr@zdnet.com,Male,Ireland,Cloyne,-6.2398782,53.32112
749,Curcio,Frosdick,cfrosdickks@pagesperso-orange.fr,Male,Ireland,Coolock,-6.1920933,53.3916434
750,Jessie,Marcum,jmarcumkt@taobao.com,Female,Ireland,Donegal,-8.5946591,54.632283
751,Mill,Blanking,mblankingku@youku.com,Male,Ireland,Clonskeagh,-6.2387374,53.3141205
752,Rois,Coopman,rcoopmankv@icq.com,Female,Ireland,Annacotty,-8.5369154,52.6681994
753,Gerladina,Dallemore,gdallemorekw@indiatimes.com,Female,Ireland,Foxrock,-6.1011147,53.2000455
754,Thalia,Ainsbury,tainsburykx@salon.com,Female,Ireland,Castlebellingham,-6.391149,53.8996586
755,Devonne,Cases,dcasesky@nydailynews.com,Female,Ireland,Watergrasshill,-8.337871,52.0097259
756,Amabel,O'Carroll,aocarrollkz@a8.net,Female,Ireland,Donabate,-6.1544115,53.4855448
757,Kain,Hearley,khearleyl0@google.com,Male,Ireland,Skerries,-6.1349155,53.5834008
758,Jenilee,Bagworth,jbagworthl1@ovh.net,Genderfluid,Ireland,Rathnew,-6.374155,53.3223974
759,Marnia,McNeish,mmcneishl2@stanford.edu,Female,Ireland,Kinnegad,-9.1327273,53.806868
760,Brantley,Vannuccinii,bvannucciniil3@skyrock.com,Male,Ireland,Moate,-6.1942058,53.3604483
761,Celestine,Leynton,cleyntonl4@paginegialle.it,Agender,Ireland,Charlesland,-6.0690645,53.1257486
762,Dorelle,Oldknow,doldknowl5@amazon.co.uk,Female,Ireland,Ashbourne,-6.1215213,53.2724538
763,Shay,Elvidge,selvidgel6@unc.edu,Male,Ireland,Kilcullen,-8.5047067,51.8830697
764,Fawnia,Scurlock,fscurlockl7@mozilla.com,Female,Ireland,Navan,-6.313755,53.366736
765,Xenos,Haukey,xhaukeyl8@washington.edu,Male,Ireland,Monaghan,-7.0943023,54.2694844
766,Nickolaus,Struthers,nstruthersl9@prnewswire.com,Male,Ireland,Longford,-7.8004329,53.7283566
767,Susanne,Pensom,spensomla@merriam-webster.com,Female,Ireland,Cashel,-7.888894,52.516323
768,Robinet,MacClancey,rmacclanceylb@google.de,Female,Ireland,Sallins,-6.6633404,53.2492381
769,Leticia,Stitt,lstittlc@wiley.com,Female,Ireland,Ballyboden,-6.3049392,53.3021194
770,Gisella,Sanz,gsanzld@wsj.com,Female,Ireland,Cabinteely,-6.1603828,53.2599034
771,Ogden,Valentinetti,ovalentinettile@seattletimes.com,Male,Ireland,Ashford,-6.3828795,53.385304
772,Carolin,Riglar,criglarlf@hugedomains.com,Female,Ireland,Ballyjamesduff,-7.086877,53.8363325
773,Caria,Bailles,cbailleslg@prweb.com,Female,Ireland,Charlesland,-6.0690645,53.1257486
774,Dalt,Osorio,dosoriolh@123-reg.co.uk,Male,Ireland,Crumlin,-6.3048641,53.3284298
775,Sibella,Klambt,sklambtli@marketwatch.com,Female,Ireland,Watergrasshill,-8.337871,52.0097259
776,Cecily,Whodcoat,cwhodcoatlj@jimdo.com,Female,Ireland,Aughrim,-6.366762,53.2987724
777,Clarisse,Franks,cfrankslk@tuttocitta.it,Female,Ireland,Foxrock,-6.1011147,53.2000455
778,Gonzalo,Swainson,gswainsonll@mail.ru,Male,Ireland,Loughrea,-6.3506335,53.2911347
779,Farlee,Adriano,fadrianolm@slate.com,Non-binary,Ireland,Tallaght,-6.3660863,53.2874153
780,Nial,Cranney,ncranneyln@plala.or.jp,Male,Ireland,Sandyford,-6.3422325,53.719155
781,Randene,Gouldstone,rgouldstonelo@exblog.jp,Female,Ireland,Askeaton,-8.9706844,52.6004448
782,Eda,Fermer,efermerlp@dagondesign.com,Female,Ireland,Aughrim,-6.366762,53.2987724
783,Desdemona,Kyllford,dkyllfordlq@msu.edu,Female,Ireland,Killumney,-8.6340751,52.6638144
784,Berny,Obey,bobeylr@hc360.com,Male,Ireland,Kinnegad,-9.1327273,53.806868
785,Ewen,Bellwood,ebellwoodls@cnbc.com,Male,Ireland,Cloyne,-6.2398782,53.32112
786,Colly,Percifer,cperciferlt@friendfeed.com,Female,Ireland,Kilmacanoge,-6.139018,53.171935
787,Helga,Koppeck,hkoppecklu@studiopress.com,Female,Ireland,Ballybofey,-7.74208,54.70972
788,Dagmar,Clayill,dclayilllv@abc.net.au,Non-binary,Ireland,Oranmore,-9.7359765,54.1433253
789,Jamima,Mundall,jmundalllw@typepad.com,Female,Ireland,Dún Laoghaire,-6.133718,53.291512
790,Perri,Frazer,pfrazerlx@rediff.com,Female,Ireland,Crossmolina,-6.473025,54.0086093
791,Frasier,Landman,flandmanly@china.com.cn,Male,Ireland,Ballinroad,-7.5717688,52.1045472
792,Jesse,Clowes,jcloweslz@marketwatch.com,Male,Ireland,Blessington,-8.5111664,51.8858819
793,Faustine,Balhatchet,fbalhatchetm0@plala.or.jp,Genderqueer,Ireland,Tralee,-7.0833118,52.2413206
794,Letta,McMearty,lmcmeartym1@wordpress.com,Female,Ireland,Manorhamilton,-8.1722002,54.3051891
795,Bendick,Fishby,bfishbym2@tmall.com,Male,Ireland,Killorglin,-9.7850991,52.1058991
796,Olenka,Booty,obootym3@reverbnation.com,Female,Ireland,Tralee,-7.0833118,52.2413206
797,Katha,Sleaford,ksleafordm4@youku.com,Female,Ireland,Longford,-7.8004329,53.7283566
798,Correy,Udale,cudalem5@vimeo.com,Female,Ireland,Foxrock,-6.1011147,53.2000455
799,Sukey,MacPherson,smacphersonm6@forbes.com,Genderfluid,Ireland,Ballymahon,-7.7655701,53.5650926
800,Georgie,McWilliam,gmcwilliamm7@netlog.com,Female,Ireland,Ratoath,-6.4671298,53.5050031
801,Dominique,Wylam,dwylamm8@phoca.cz,Female,Ireland,Old Kilcullen,-6.7449927,53.1310185
802,Priscilla,Cowan,pcowanm9@prweb.com,Female,Ireland,Kinlough,-6.1136478,53.2121335
803,Marielle,Rathbone,mrathbonema@liveinternet.ru,Female,Ireland,Mallow,-8.642661,52.1361219
804,Laurene,Badcock,lbadcockmb@live.com,Female,Ireland,Watergrasshill,-8.337871,52.0097259
805,Chico,Blinde,cblindemc@simplemachines.org,Male,Ireland,Prosperous,-6.7515223,53.2888321
806,Liam,Sinderson,lsindersonmd@wikia.com,Male,Ireland,Annacotty,-8.5369154,52.6681994
807,Ellsworth,Simecek,esimecekme@imgur.com,Male,Ireland,Bantry,-9.448724,51.680591
808,Lezlie,Boyson,lboysonmf@amazon.co.jp,Female,Ireland,Ballymun,-6.264963,53.3897152
809,Joycelin,Marland,jmarlandmg@etsy.com,Female,Ireland,Longford,-7.8004329,53.7283566
810,Keven,Hamlet,khamletmh@diigo.com,Male,Ireland,Askeaton,-8.9706844,52.6004448
811,Mary,Margiotta,mmargiottami@archive.org,Female,Ireland,Shankill,-6.124065,53.231395
812,D'arcy,Baugham,dbaughammj@umn.edu,Male,Ireland,Castlemartyr,-8.05,51.9166667
813,Marv,Pestridge,mpestridgemk@oakley.com,Non-binary,Ireland,Mullagh,-8.4977746,51.8895954
814,Sophie,Conrart,sconrartml@npr.org,Female,Ireland,Killorglin,-9.7850991,52.1058991
815,Corrinne,Jamison,cjamisonmm@jugem.jp,Female,Ireland,Shankill,-6.124065,53.231395
816,Francesco,Wilshin,fwilshinmn@biglobe.ne.jp,Male,Ireland,Loughrea,-6.3506335,53.2911347
817,Alyosha,Gowanson,agowansonmo@hud.gov,Genderfluid,Ireland,Mallow,-8.642661,52.1361219
818,Christi,Brimman,cbrimmanmp@ucoz.ru,Female,Ireland,Rathangan,-6.9898366,53.2265199
819,Rorke,Bischof,rbischofmq@weibo.com,Male,Ireland,Naas,-6.67045,53.213319
820,Florenza,Darley,fdarleymr@liveinternet.ru,Female,Ireland,Dromiskin,-6.4008792,53.9215606
821,Bren,McGrayle,bmcgraylems@intel.com,Male,Ireland,Carrigtwohill,-8.259128,51.908209
822,Orelia,Shoebotham,oshoebothammt@ask.com,Female,Ireland,Longford,-7.8004329,53.7283566
823,Jacinta,Bracknell,jbracknellmu@odnoklassniki.ru,Female,Ireland,Tower,-80.7087609,35.7797381
824,Waneta,Penke,wpenkemv@dailymotion.com,Female,Ireland,Youghal,-7.8434254,51.949401
825,Gannon,Colliver,gcollivermw@ycombinator.com,Male,Ireland,Dundrum,-6.2508196,53.2866372
826,Christan,Duffell,cduffellmx@reuters.com,Female,Ireland,Donnybrook,-6.2324705,53.3177535
827,Sophia,Georghiou,sgeorghioumy@dell.com,Female,Ireland,Ballyhaunis,-8.7683674,53.7942932
828,Lamond,Simonini,lsimoninimz@nba.com,Male,Ireland,Cluain Meala,-6.2611953,53.3881832
829,Oralee,Drakard,odrakardn0@seesaa.net,Female,Ireland,Portumna,-8.2215941,53.0917381
830,Dalt,Armatys,darmatysn1@buzzfeed.com,Male,Ireland,Eadestown,-6.590926,53.1936864
831,Lari,Buist,lbuistn2@mozilla.com,Female,Ireland,Castleblayney,-6.64937,54.10269
832,Codee,Simioli,csimiolin3@gnu.org,Female,Ireland,Ballivor,-6.1191333,53.1915379
833,Tomi,Jancso,tjancson4@digg.com,Female,Ireland,Bearna,-6.2340942,53.2993199
834,Dav,Joynt,djoyntn5@dyndns.org,Male,Ireland,Cork,-8.489012,51.923707
835,Cleopatra,Jagiello,cjagiellon6@example.com,Female,Ireland,Killumney,-8.6340751,52.6638144
836,Roseann,Lainton,rlaintonn7@cnet.com,Female,Ireland,Lusk,-6.1535181,53.5220275
837,Lindon,Benzi,lbenzin8@uiuc.edu,Male,Ireland,Moycullen,-9.159604,53.302644
838,Charmane,Phillpotts,cphillpottsn9@intel.com,Female,Ireland,Monkstown,-8.9775014,52.8314927
839,Eleanor,Bradnock,ebradnockna@amazon.co.uk,Female,Ireland,Trá Mhór,-9.0197835,53.2736466
840,Arch,Bampton,abamptonnb@imageshack.us,Male,Ireland,Kinnegad,-9.1327273,53.806868
841,Bret,Beahan,bbeahannc@digg.com,Male,Ireland,Swinford,-8.9480659,53.940892
842,Noemi,Yakhin,nyakhinnd@google.nl,Female,Ireland,Cloyne,-6.2398782,53.32112
843,Irv,Turland,iturlandne@reference.com,Male,Ireland,Valleymount,-6.3077823,53.3655256
844,Raleigh,Levington,rlevingtonnf@artisteer.com,Male,Ireland,Kingscourt,-6.2755912,53.3500473
845,Bevon,Juniper,bjuniperng@biglobe.ne.jp,Male,Ireland,Oughterard,-6.1406578,53.2886387
846,Mayer,Pringuer,mpringuernh@japanpost.jp,Male,Ireland,Portumna,-8.2215941,53.0917381
847,Dorrie,Titheridge,dtitheridgeni@4shared.com,Polygender,Ireland,Cloyne,-6.2398782,53.32112
848,Sallyanne,Knevit,sknevitnj@typepad.com,Female,Ireland,Cavan,-7.297914,54.026345
849,Timmie,Caiger,tcaigernk@twitter.com,Female,Ireland,Cabinteely,-6.1603828,53.2599034
850,Codi,Reichardt,creichardtnl@smugmug.com,Male,Ireland,Donabate,-6.1544115,53.4855448
851,Dagny,Khomin,dkhominnm@ucla.edu,Male,Ireland,Eadestown,-6.590926,53.1936864
852,Yurik,Chorlton,ychorltonnn@columbia.edu,Male,Ireland,Old Kilcullen,-6.7449927,53.1310185
853,Stacie,Millward,smillwardno@ucoz.ru,Female,Ireland,Tower,-80.7087609,35.7797381
854,Ginnie,Midford,gmidfordnp@edublogs.org,Female,Ireland,Enniskerry,-8.9821467,52.8498651
855,Elva,Crilly,ecrillynq@uol.com.br,Female,Ireland,Athy,-6.9858993,53.0018699
856,Genni,Haggith,ghaggithnr@facebook.com,Genderqueer,Ireland,Rathdrum,-6.163027,53.2339841
857,Craggie,Heustace,cheustacens@imdb.com,Male,Ireland,Donnycarney,-6.218069,53.374266
858,Rowen,Peach,rpeachnt@cnet.com,Male,Ireland,Listowel,-9.4851741,52.4460804
859,Sheeree,Ianitti,sianittinu@mozilla.org,Female,Ireland,Dunmanway,-9.1115941,51.7203863
860,Evangeline,Vedishchev,evedishchevnv@time.com,Female,Ireland,Sutton,-6.1097188,53.3895926
861,Graeme,Robottham,grobotthamnw@jugem.jp,Male,Ireland,Raheny,-6.1820563,53.3786861
862,Alina,McDirmid,amcdirmidnx@umn.edu,Female,Ireland,Ballisodare,-8.5070436,54.2109904
863,Angeli,Parkman,aparkmanny@disqus.com,Bigender,Ireland,Castlemartyr,-8.05,51.9166667
864,Miles,Mc Meekin,mmcmeekinnz@admin.ch,Male,Ireland,Valleymount,-6.3077823,53.3655256
865,Abraham,Montrose,amontroseo0@wikispaces.com,Male,Ireland,Rathwire,-7.145971,53.508326
866,Nolie,Schulke,nschulkeo1@cocolog-nifty.com,Female,Ireland,Shankill,-6.124065,53.231395
867,Ami,Lowry,alowryo2@google.com.hk,Female,Ireland,Farranacoush,-8.5171384,51.876873
868,Augusto,Alldred,aalldredo3@loc.gov,Male,Ireland,Moate,-6.1942058,53.3604483
869,Con,Di Domenico,cdidomenicoo4@guardian.co.uk,Male,Ireland,Drumcondra,-8.445614,51.8885086
870,Dewey,Morecombe,dmorecombeo5@alexa.com,Agender,Ireland,Arklow,-8.4523258,51.880525
871,Teri,Guyet,tguyeto6@narod.ru,Female,Ireland,Ballyboden,-6.3049392,53.3021194
872,Aldus,Gorse,agorseo7@csmonitor.com,Male,Ireland,Kinsealy-Drinan,-6.1644997,53.4266145
873,Samaria,Rouse,srouseo8@hubpages.com,Female,Ireland,Longford,-7.8004329,53.7283566
874,Flory,Reeken,freekeno9@cpanel.net,Female,Ireland,Kilmacanoge,-6.139018,53.171935
875,Cacilie,Batting,cbattingoa@opensource.org,Female,Ireland,Ardee,-8.4784945,51.8815586
876,Pierson,Guinery,pguineryob@cam.ac.uk,Male,Ireland,Longwood,-6.2892907,53.310122
877,Lib,Pocke,lpockeoc@goo.ne.jp,Female,Ireland,Naas,-6.67045,53.213319
878,Addie,Monketon,amonketonod@china.com.cn,Female,Ireland,Ashford,-6.3828795,53.385304
879,Ham,McGrae,hmcgraeoe@elpais.com,Male,Ireland,Ballybofey,-7.74208,54.70972
880,Karolina,Walles,kwallesof@disqus.com,Female,Ireland,Old Kilcullen,-6.7449927,53.1310185
881,Alis,Kort,akortog@npr.org,Female,Ireland,Kinsealy-Drinan,-6.1644997,53.4266145
882,Nate,Dorling,ndorlingoh@clickbank.net,Non-binary,Ireland,Ballivor,-6.1191333,53.1915379
883,Gaylor,Blodg,gblodgoi@phpbb.com,Male,Ireland,Mullagh,-8.4977746,51.8895954
884,Sileas,Aldine,saldineoj@webeden.co.uk,Female,Ireland,Blessington,-8.5111664,51.8858819
885,Thayne,McVaugh,tmcvaughok@google.de,Male,Ireland,Raphoe,-8.2755058,52.2627273
886,Haze,Dainton,hdaintonol@yolasite.com,Male,Ireland,Whitegate,-6.3539424,53.3666338
887,Alister,Scudamore,ascudamoreom@yandex.ru,Male,Ireland,Naas,-6.67045,53.213319
888,Corissa,MacGaughy,cmacgaughyon@dyndns.org,Female,Ireland,Bayside,-9.1097137,53.2582868
889,Holden,Castard,hcastardoo@gizmodo.com,Male,Ireland,Granard,-7.5011999,53.776647
890,Karalee,Braithwait,kbraithwaitop@webmd.com,Female,Ireland,Longford,-7.8004329,53.7283566
891,Mike,Don,mdonoq@eventbrite.com,Bigender,Ireland,Donegal,-8.5946591,54.632283
892,Chester,Alfwy,calfwyor@friendfeed.com,Male,Ireland,Whitegate,-6.3539424,53.3666338
893,Foss,Rabson,frabsonos@fastcompany.com,Male,Ireland,Donnybrook,-6.2324705,53.3177535
894,Adele,Adamsen,aadamsenot@woothemes.com,Female,Ireland,Cork,-8.489012,51.923707
895,Myrwyn,Issit,missitou@answers.com,Male,Ireland,Skerries,-6.1349155,53.5834008
896,Ingeborg,Hawkyens,ihawkyensov@prweb.com,Female,Ireland,Boyle,-8.2969737,53.9735591
897,Mayer,McGarel,mmcgarelow@google.co.jp,Male,Ireland,Greenhills,-6.336393,53.3122864
898,Lavina,Caught,lcaughtox@amazon.co.uk,Female,Ireland,Tuam,-8.83565,53.49417
899,Darsey,Pierce,dpierceoy@rambler.ru,Female,Ireland,Naas,-6.67045,53.213319
900,Jacky,Krystof,jkrystofoz@meetup.com,Male,Ireland,Crossmolina,-6.473025,54.0086093
901,Brantley,Hawkridge,bhawkridgep0@msu.edu,Male,Ireland,Tullyallen,-6.4241156,53.7369009
902,Vernen,Gurery,vgureryp1@studiopress.com,Male,Ireland,Monaghan,-7.0943023,54.2694844
903,Otis,Dransfield,odransfieldp2@dagondesign.com,Male,Ireland,Dungarvan,-6.1822287,53.3788495
904,Matthias,Kingman,mkingmanp3@dailymotion.com,Male,Ireland,Listowel,-9.4851741,52.4460804
905,Alie,Trazzi,atrazzip4@qq.com,Bigender,Ireland,Naas,-6.67045,53.213319
906,Esma,Dowears,edowearsp5@dagondesign.com,Female,Ireland,Listowel,-9.4851741,52.4460804
907,Delilah,Ilieve,dilievep6@qq.com,Female,Ireland,Castlebellingham,-6.391149,53.8996586
908,Adrien,Sibery,asiberyp7@booking.com,Male,Ireland,Athlone,-7.9428197,53.4231032
909,Beulah,Gimblet,bgimbletp8@prweb.com,Female,Ireland,Moville,-8.4242597,51.8910459
910,Aldin,Gander,aganderp9@army.mil,Male,Ireland,Eadestown,-6.590926,53.1936864
911,Teddie,Pauncefort,tpauncefortpa@about.com,Female,Ireland,Ballinroad,-7.5717688,52.1045472
912,Tremain,Croston,tcrostonpb@sohu.com,Male,Ireland,Dundrum,-6.2508196,53.2866372
913,Peg,Treweke,ptrewekepc@bluehost.com,Female,Ireland,Loughrea,-6.3506335,53.2911347
914,Thatcher,Skerm,tskermpd@apple.com,Male,Ireland,Manorhamilton,-8.1722002,54.3051891
915,Esteban,Elgood,eelgoodpe@goo.gl,Male,Ireland,Boyle,-8.2969737,53.9735591
916,Melinde,Bette,mbettepf@addthis.com,Female,Ireland,Whitegate,-6.3539424,53.3666338
917,Genevieve,Lawday,glawdaypg@foxnews.com,Female,Ireland,Aghada,-8.4627451,54.25645
918,Melicent,Bann,mbannph@goo.gl,Female,Ireland,Tullamore,-7.518792,53.284466
919,Genny,Doughtery,gdoughterypi@taobao.com,Female,Ireland,Confey,-6.5028415,53.3806398
920,Allina,Mattersley,amattersleypj@rakuten.co.jp,Female,Ireland,Ballylinan,-7.0472382,52.9480781
921,Ansel,Elsom,aelsompk@chronoengine.com,Male,Ireland,Manorhamilton,-8.1722002,54.3051891
922,Aldus,Pashenkov,apashenkovpl@dagondesign.com,Male,Ireland,Mallow,-8.642661,52.1361219
923,Teddie,Esselin,tesselinpm@so-net.ne.jp,Female,Ireland,Beaumont,-6.2057463,53.3870149
924,Barny,Sams,bsamspn@nifty.com,Male,Ireland,Enniskerry,-8.9821467,52.8498651
925,Adelina,Valek,avalekpo@mac.com,Female,Ireland,Raheny,-6.1820563,53.3786861
926,Carolyne,Tidy,ctidypp@shareasale.com,Female,Ireland,Tullyallen,-6.4241156,53.7369009
927,Avery,Borlease,aborleasepq@yelp.com,Male,Ireland,Booterstown,-6.1979853,53.3046353
928,Nolie,Heamus,nheamuspr@phpbb.com,Female,Ireland,Longwood,-6.2892907,53.310122
929,Grove,Ickovitz,gickovitzps@stanford.edu,Male,Ireland,Sandyford,-6.3422325,53.719155
930,Silas,Liverock,sliverockpt@github.io,Male,Ireland,Dunmanway,-9.1115941,51.7203863
931,Fredra,Colaco,fcolacopu@bravesites.com,Female,Ireland,Ratoath,-6.4671298,53.5050031
932,Nydia,Berriball,nberriballpv@livejournal.com,Female,Ireland,Castleblayney,-6.64937,54.10269
933,Renee,Lergan,rlerganpw@hao123.com,Genderfluid,Ireland,Raphoe,-8.2755058,52.2627273
934,Malory,Espada,mespadapx@plala.or.jp,Genderqueer,Ireland,Cobh,-8.298942,51.848898
935,Ardeen,Dinwoodie,adinwoodiepy@washingtonpost.com,Female,Ireland,Kinnegad,-9.1327273,53.806868
936,Ailbert,Hallick,ahallickpz@icq.com,Agender,Ireland,Killorglin,-9.7850991,52.1058991
937,Fayette,Gillie,fgillieq0@hhs.gov,Female,Ireland,Gorey,-6.308522,52.665267
938,Fax,Brislane,fbrislaneq1@buzzfeed.com,Male,Ireland,Drumcondra,-8.445614,51.8885086
939,Umeko,Syers,usyersq2@wordpress.com,Female,Ireland,Castleknock,-9.0248232,53.2760162
940,Marie-ann,Comley,mcomleyq3@over-blog.com,Female,Ireland,Caherconlish,-8.3545704,52.5593605
941,Adena,Vannar,avannarq4@printfriendly.com,Female,Ireland,Ballinteer,-6.2554371,53.2767301
942,Bettina,Hoogendorp,bhoogendorpq5@wisc.edu,Female,Ireland,Old Kilcullen,-6.7449927,53.1310185
943,Norri,Lamasna,nlamasnaq6@state.gov,Female,Ireland,Longford,-7.8004329,53.7283566
944,Teodora,Dodimead,tdodimeadq7@utexas.edu,Female,Ireland,Annacotty,-8.5369154,52.6681994
945,Birgitta,Shuter,bshuterq8@state.gov,Female,Ireland,Balally,-6.5899765,52.176031
946,Maddie,Stolting,mstoltingq9@auda.org.au,Male,Ireland,Stradbally,-8.5054897,52.7107501
947,Perla,Plomer,pplomerqa@woothemes.com,Female,Ireland,Ballymahon,-7.7655701,53.5650926
948,Joelynn,Mazillius,jmazilliusqb@theglobeandmail.com,Female,Ireland,Lusk,-6.1535181,53.5220275
949,Ulla,Elen,uelenqc@cbslocal.com,Female,Ireland,Tower,-80.7087609,35.7797381
950,Charleen,Vickarman,cvickarmanqd@t.co,Female,Ireland,Annacotty,-8.5369154,52.6681994
951,Umberto,Longbone,ulongboneqe@mozilla.org,Male,Ireland,Drumcondra,-8.445614,51.8885086
952,Monique,Thirsk,mthirskqf@mac.com,Female,Ireland,Kilkenny,-7.2584,52.655184
953,Lelah,Ockland,locklandqg@de.vu,Female,Ireland,Enniskerry,-8.9821467,52.8498651
954,Si,Trynor,strynorqh@goodreads.com,Male,Ireland,Ballyhaunis,-8.7683674,53.7942932
955,Chrisse,Reap,creapqi@macromedia.com,Male,Ireland,Ballymahon,-7.7655701,53.5650926
956,Loydie,Brandle,lbrandleqj@tiny.cc,Male,Ireland,Lusk,-6.1535181,53.5220275
957,Claire,Willshere,cwillshereqk@rediff.com,Female,Ireland,Balrothery,-6.1884248,53.5879156
958,Silvanus,Wayne,swayneql@mapquest.com,Male,Ireland,Newmarket on Fergus,-8.8950821,52.7604883
959,Ruth,MacMakin,rmacmakinqm@house.gov,Female,Ireland,Carrigaline,-8.3929404,51.8113447
960,Willyt,Adlington,wadlingtonqn@tinyurl.com,Bigender,Ireland,Mallow,-8.642661,52.1361219
961,Nelle,Lettuce,nlettuceqo@cornell.edu,Female,Ireland,Monkstown,-8.9775014,52.8314927
962,Merrile,Mitkin,mmitkinqp@dot.gov,Female,Ireland,Birr,-7.9139891,53.0949398
963,Shani,Litton,slittonqq@ameblo.jp,Female,Ireland,Rathangan,-6.9898366,53.2265199
964,Billye,Swaddle,bswaddleqr@sciencedirect.com,Polygender,Ireland,Ballinteer,-6.2554371,53.2767301
965,Baldwin,Cakes,bcakesqs@blogspot.com,Male,Ireland,Castlemartyr,-8.05,51.9166667
966,Bordie,Tellenbrok,btellenbrokqt@friendfeed.com,Male,Ireland,Dún Laoghaire,-6.133718,53.291512
967,Naomi,Odgers,nodgersqu@seattletimes.com,Female,Ireland,Tralee,-7.0833118,52.2413206
968,Dell,Ghio,dghioqv@wired.com,Female,Ireland,Athy,-6.9858993,53.0018699
969,Murielle,Deveril,mdeverilqw@nba.com,Female,Ireland,Farranacoush,-8.5171384,51.876873
970,Ava,Clowton,aclowtonqx@hostgator.com,Female,Ireland,Portarlington,-7.185387,53.158984
971,Merrick,Giacoppo,mgiacoppoqy@nasa.gov,Male,Ireland,Cluain Meala,-6.2611953,53.3881832
972,Gaspard,Lickorish,glickorishqz@infoseek.co.jp,Male,Ireland,Tullyallen,-6.4241156,53.7369009
973,Augie,Vidgeon,avidgeonr0@howstuffworks.com,Male,Ireland,Donnycarney,-6.218069,53.374266
974,Conan,Crates,ccratesr1@stumbleupon.com,Male,Ireland,Tallaght,-6.3660863,53.2874153
975,Rollin,Dawtrey,rdawtreyr2@sina.com.cn,Male,Ireland,Mullagh,-8.4977746,51.8895954
976,Stefano,Wedon,swedonr3@apache.org,Male,Ireland,Swinford,-8.9480659,53.940892
977,Morley,Mitie,mmitier4@facebook.com,Male,Ireland,Skerries,-6.1349155,53.5834008
978,Hieronymus,Durkin,hdurkinr5@lulu.com,Male,Ireland,Drumcondra,-8.445614,51.8885086
979,Alleyn,Clappson,aclappsonr6@nps.gov,Male,Ireland,Castlemartyr,-8.05,51.9166667
980,Darcee,Withams,dwithamsr7@bigcartel.com,Polygender,Ireland,Clondalkin,-6.4496384,53.3582341
981,Fayth,Levitt,flevittr8@is.gd,Female,Ireland,Dunmanway,-9.1115941,51.7203863
982,Kimble,Darycott,kdarycottr9@rediff.com,Male,Ireland,Sandymount,-6.2152673,53.3323703
983,Balduin,Affuso,baffusora@e-recht24.de,Male,Ireland,Ashbourne,-6.1215213,53.2724538
984,Derrek,Van T'Hoog,dvanthoogrb@opera.com,Polygender,Ireland,Monasterevin,-7.0625888,53.1387595
985,Bren,Jon,bjonrc@edublogs.org,Male,Ireland,Donnycarney,-6.218069,53.374266
986,Derrick,Faley,dfaleyrd@google.de,Male,Ireland,Midleton,-8.1722173,51.9138694
987,Kerk,Tomsett,ktomsettre@noaa.gov,Male,Ireland,Sallins,-6.6633404,53.2492381
988,Datha,McKennan,dmckennanrf@wp.com,Female,Ireland,Shankill,-6.124065,53.231395
989,Aubrie,Comley,acomleyrg@jimdo.com,Female,Ireland,Claremorris,-8.334953,51.8610022
990,Fawn,Pilley,fpilleyrh@wikispaces.com,Female,Ireland,Ballybofey,-7.74208,54.70972
991,Leon,Ollarenshaw,lollarenshawri@cnbc.com,Male,Ireland,Ardee,-8.4784945,51.8815586
992,Sadie,Colles,scollesrj@mapquest.com,Female,Ireland,Moycullen,-9.159604,53.302644
993,Cristy,Stotherfield,cstotherfieldrk@sourceforge.net,Female,Ireland,Dún Laoghaire,-6.133718,53.291512
994,Kurt,Johananov,kjohananovrl@imageshack.us,Male,Ireland,Malahide,-6.1479779,53.450694
995,Adaline,Volant,avolantrm@reference.com,Female,Ireland,Cluain Meala,-6.2611953,53.3881832
996,Evangelia,Lawling,elawlingrn@cnbc.com,Female,Ireland,Monkstown,-8.9775014,52.8314927
997,Nataniel,Noah,nnoahro@businesswire.com,Male,Ireland,Kinsealy-Drinan,-6.1644997,53.4266145
998,Keary,Sangwin,ksangwinrp@mayoclinic.com,Male,Ireland,Aghada,-8.4627451,54.25645
999,Berni,Burkitt,bburkittrq@ycombinator.com,Female,Ireland,Listowel,-9.4851741,52.4460804
1000,Eadmund,Dehn,edehnrr@mlb.com,Male,Ireland,Ballylinan,-7.0472382,52.9480781
