id,first_name,last_name,email,gender,country,city,lon,lat
1,Alvis,Diem,adiem0@shinystat.com,Male,Ireland,Athlone,-7.9428197,53.4231032
2,Sherry,Pollock,spollock1@amazon.co.uk,Female,Ireland,Dunlewy,-6.1157412,53.2774963
3,Alys,Remer,aremer2@theguardian.com,Female,Ireland,Muff,-7.269174,55.0650892
4,Hube,Stanway,hstanway3@woothemes.com,Male,Ireland,Sutton,-6.1097188,53.3895926
5,Donetta,Cheatle,dcheatle4@cyberchimps.com,Female,Ireland,Foxrock,-6.1011147,53.2000455
6,Virge,Himsworth,vhimsworth5@independent.co.uk,Male,Ireland,Killumney,-8.6340751,52.6638144
7,Loise,Pirdue,lpirdue6@yale.edu,Female,Ireland,Bearna,-6.2340942,53.2993199
8,Sebastiano,Livens,slivens7@bravesites.com,Male,Ireland,Clonskeagh,-6.2387374,53.3141205
9,Bryant,Zambonini,bzambonini8@creativecommons.org,Male,Ireland,Skerries,-6.1349155,53.5834008
10,Elianora,Rushford,erushford9@fastcompany.com,Female,Ireland,Ashford,-6.3828795,53.385304
11,Neilla,Galler,ngallera@gravatar.com,Female,Ireland,Carrigaline,-8.3929404,51.8113447
12,Meris,Dow,mdowb@addtoany.com,Female,Ireland,Cloyne,-6.2398782,53.32112
13,Donia,Barnsley,dbarnsleyc@dropbox.com,Female,Ireland,Castleblayney,-6.64937,54.10269
14,Marve,Arnell,marnelld@parallels.com,Male,Ireland,Mallow,-8.642661,52.1361219
15,King,Edmondson,kedmondsone@photobucket.com,Male,Ireland,Malahide,-6.1479779,53.450694
16,Salem,Dillon,sdillonf@nationalgeographic.com,Male,Ireland,Fairview,-6.4202878,54.0026343
17,Menard,Altamirano,maltamiranog@lulu.com,Male,Ireland,Nenagh,-8.2001004,52.86326
18,Justin,Caroli,jcarolih@comsenz.com,Male,Ireland,Newmarket on Fergus,-8.8950821,52.7604883
19,Aldon,Plowell,aplowelli@loc.gov,Male,Ireland,Ashbourne,-6.1215213,53.2724538
20,Natalee,Sweedy,nsweedyj@ehow.com,Female,Ireland,Enniskerry,-8.9821467,52.8498651
21,Cristy,Cornewall,ccornewallk@eventbrite.com,Female,Ireland,Kanturk,-8.9342111,52.182304
22,Darnall,Nucci,dnuccil@bandcamp.com,Non-binary,Ireland,Dalkey,-6.1072403,53.2780047
23,Neilla,Leeuwerink,nleeuwerinkm@oakley.com,Female,Ireland,Raphoe,-8.2755058,52.2627273
24,Basilius,Selwin,bselwinn@goo.ne.jp,Male,Ireland,Rathwire,-7.145971,53.508326
25,Annadiane,Banker,abankero@joomla.org,Agender,Ireland,Gweedore,-9.0288689,53.2737147
26,Dion,Lindhe,dlindhep@buzzfeed.com,Female,Ireland,Donabate,-6.1544115,53.4855448
27,Rance,Phelips,rphelipsq@sbwire.com,Male,Ireland,Mullagh,-8.4977746,51.8895954
28,Jordain,Hulle,jhuller@cocolog-nifty.com,Non-binary,Ireland,Dunlewy,-6.1157412,53.2774963
29,Burk,Caulier,bcauliers@netvibes.com,Male,Ireland,Kingscourt,-6.2755912,53.3500473
30,Lenette,Gullifant,lgullifantt@delicious.com,Female,Ireland,Castleknock,-9.0248232,53.2760162
31,Keir,Riches,krichesu@washington.edu,Male,Ireland,Kinsale,-6.251714,53.3169419
32,Morgun,Hauxby,mhauxbyv@ifeng.com,Male,Ireland,Belmullet,-10.0320886,54.2223118
33,Lucretia,Petrulis,lpetrulisw@qq.com,Female,Ireland,Ballyboden,-6.3049392,53.3021194
34,Manny,Ansteys,mansteysx@bing.com,Male,Ireland,Kilmacanoge,-6.139018,53.171935
35,Vasili,Turbill,vturbilly@aol.com,Male,Ireland,Askeaton,-8.9706844,52.6004448
36,Kelsey,Lampaert,klampaertz@sakura.ne.jp,Male,Ireland,Killumney,-8.6340751,52.6638144
37,Arabela,Bedson,abedson10@arstechnica.com,Female,Ireland,Cashel,-7.888894,52.516323
38,Herbie,Havill,hhavill11@cnbc.com,Male,Ireland,Valleymount,-6.3077823,53.3655256
39,Clare,Windrum,cwindrum12@rambler.ru,Male,Ireland,Piltown,-6.3025448,53.6920618
40,Che,Vanichkov,cvanichkov13@npr.org,Male,Ireland,Beaumont,-6.2057463,53.3870149
41,Lonnard,Pirkis,lpirkis14@huffingtonpost.com,Male,Ireland,Clogherhead,-6.2429997,53.7902634
42,Ilene,Abriani,iabriani15@latimes.com,Female,Ireland,Greystones,-6.0704904,53.1286984
43,Starlene,Plevin,splevin16@samsung.com,Female,Ireland,Farranacoush,-8.5171384,51.876873
44,Lynnett,Firsby,lfirsby17@nytimes.com,Female,Ireland,Crumlin,-6.3048641,53.3284298
45,Tirrell,Bailie,tbailie18@cbc.ca,Male,Ireland,Clonskeagh,-6.2387374,53.3141205
46,Mirella,Liversley,mliversley19@tripadvisor.com,Female,Ireland,Swords,-6.2071246,53.4562426
47,Isak,Sea,isea1a@vk.com,Male,Ireland,Loughrea,-6.3506335,53.2911347
48,Julina,Stoke,jstoke1b@meetup.com,Female,Ireland,Dromiskin,-6.4008792,53.9215606
49,Hinze,Sutherington,hsutherington1c@symantec.com,Male,Ireland,Mullagh,-8.4977746,51.8895954
50,Jewelle,Cersey,jcersey1d@fc2.com,Female,Ireland,Drumcondra,-8.445614,51.8885086
51,Celle,Antonomolii,cantonomolii1e@telegraph.co.uk,Female,Ireland,Dublin,-6.2427004,53.3347733
52,Pearline,Osgardby,posgardby1f@nymag.com,Female,Ireland,Bagenalstown,-6.9692181,52.7009338
53,Tannie,Hegg,thegg1g@dropbox.com,Agender,Ireland,Nenagh,-8.2001004,52.86326
54,Zechariah,Werrett,zwerrett1h@answers.com,Male,Ireland,Adare,-6.176659,53.4487975
55,Kipp,MacFall,kmacfall1i@phpbb.com,Male,Ireland,Granard,-7.5011999,53.776647
56,Melisandra,Boler,mboler1j@odnoklassniki.ru,Female,Ireland,Ballinteer,-6.2554371,53.2767301
57,Gerard,Addy,gaddy1k@google.com,Male,Ireland,Muff,-7.269174,55.0650892
58,Aundrea,Keyworth,akeyworth1l@loc.gov,Female,Ireland,Granard,-7.5011999,53.776647
59,Elyssa,Endersby,eendersby1m@bbb.org,Female,Ireland,Rathnew,-6.374155,53.3223974
60,Abigail,L' Estrange,alestrange1n@ox.ac.uk,Female,Ireland,Donabate,-6.1544115,53.4855448
61,Valerie,Simony,vsimony1o@archive.org,Female,Ireland,Daingean,-7.1297243,52.2509369
62,Christal,Rieger,crieger1p@creativecommons.org,Female,Ireland,Swords,-6.2071246,53.4562426
63,Abey,Cowope,acowope1q@google.co.uk,Male,Ireland,Castlerea,-8.6346959,53.7423435
64,Daisi,Vaisey,dvaisey1r@irs.gov,Female,Ireland,Cill Airne,-6.2890702,53.3201497
65,Tod,Cockran,tcockran1s@ucoz.ru,Male,Ireland,Trá Mhór,-9.0197835,53.2736466
66,Editha,Dyer,edyer1t@webmd.com,Female,Ireland,Farranacoush,-8.5171384,51.876873
67,Eugenia,Sigsworth,esigsworth1u@ycombinator.com,Female,Ireland,Old Kilcullen,-6.7449927,53.1310185
68,Calv,Mateiko,cmateiko1v@mlb.com,Male,Ireland,Ballyhaunis,-8.7683674,53.7942932
69,Meg,Lytle,mlytle1w@wisc.edu,Female,Ireland,Ballyjamesduff,-7.086877,53.8363325
70,Dillon,Perfili,dperfili1x@flavors.me,Male,Ireland,Ferbane,-8.4824714,51.8862378
71,Adelle,Heimes,aheimes1y@canalblog.com,Female,Ireland,Ballyjamesduff,-7.086877,53.8363325
72,Sunshine,Phillott,sphillott1z@live.com,Female,Ireland,Ballylinan,-7.0472382,52.9480781
73,Abigale,Aspling,aaspling20@techcrunch.com,Female,Ireland,Bundoran,-8.2817353,54.4771768
74,Neddie,Le Friec,nlefriec21@weebly.com,Male,Ireland,Ballylinan,-7.0472382,52.9480781
75,Trescha,Dight,tdight22@discovery.com,Agender,Ireland,Ballymun,-6.264963,53.3897152
76,Dorise,Beretta,dberetta23@bluehost.com,Female,Ireland,Monkstown,-8.9775014,52.8314927
77,Sal,Linguard,slinguard24@wp.com,Agender,Ireland,Oughterard,-6.1406578,53.2886387
78,Johna,Capini,jcapini25@edublogs.org,Female,Ireland,Rathnew,-6.374155,53.3223974
79,Meridel,Mateus,mmateus26@amazon.com,Female,Ireland,Clonskeagh,-6.2387374,53.3141205
80,Virgie,Blench,vblench27@tinyurl.com,Male,Ireland,Trá Mhór,-9.0197835,53.2736466
81,Betty,Trewin,btrewin28@naver.com,Female,Ireland,Claremorris,-8.334953,51.8610022
82,Willamina,Valsler,wvalsler29@berkeley.edu,Polygender,Ireland,Eadestown,-6.590926,53.1936864
83,Jesus,O'Gavin,jogavin2a@huffingtonpost.com,Male,Ireland,Carrigtwohill,-8.259128,51.908209
84,Hyacinthe,Aggio,haggio2b@delicious.com,Genderfluid,Ireland,Clogherhead,-6.2429997,53.7902634
85,Osmund,Abrahamsen,oabrahamsen2c@eepurl.com,Male,Ireland,Eadestown,-6.590926,53.1936864
86,Simonne,Vannuchi,svannuchi2d@ucsd.edu,Female,Ireland,Blessington,-8.5111664,51.8858819
87,Ami,Piggens,apiggens2e@histats.com,Female,Ireland,Bagenalstown,-6.9692181,52.7009338
88,Marcus,Tapsfield,mtapsfield2f@pen.io,Male,Ireland,Cabinteely,-6.1603828,53.2599034
89,Lorita,Rothera,lrothera2g@bloglovin.com,Agender,Ireland,Castleknock,-9.0248232,53.2760162
90,Bern,Webermann,bwebermann2h@blogs.com,Male,Ireland,Killumney,-8.6340751,52.6638144
91,Ofelia,Smellie,osmellie2i@dyndns.org,Female,Ireland,Midleton,-8.1722173,51.9138694
92,Nada,Fairbard,nfairbard2j@liveinternet.ru,Female,Ireland,Tower,-80.7087609,35.7797381
93,Ebeneser,Camelia,ecamelia2k@hc360.com,Male,Ireland,Monasterevin,-7.0625888,53.1387595
94,Berti,Landal,blandal2l@sakura.ne.jp,Female,Ireland,Tower,-80.7087609,35.7797381
95,Libbie,Davitt,ldavitt2m@nytimes.com,Female,Ireland,Askeaton,-8.9706844,52.6004448
96,Thadeus,Fredi,tfredi2n@eventbrite.com,Bigender,Ireland,Swords,-6.2071246,53.4562426
97,Brucie,Duffit,bduffit2o@stumbleupon.com,Male,Ireland,Ratoath,-6.4671298,53.5050031
98,Ferris,Hebblethwaite,fhebblethwaite2p@tamu.edu,Genderfluid,Ireland,Sandymount,-6.2152673,53.3323703
99,My,Eathorne,meathorne2q@washingtonpost.com,Male,Ireland,Bantry,-9.448724,51.680591
100,Alex,Scirman,ascirman2r@163.com,Male,Ireland,Oranmore,-9.7359765,54.1433253
101,Noak,Brosnan,nbrosnan2s@statcounter.com,Male,Ireland,Bagenalstown,-6.9692181,52.7009338
102,Vinnie,Benger,vbenger2t@flavors.me,Male,Ireland,Ballyhaunis,-8.7683674,53.7942932
103,Tanner,Branchett,tbranchett2u@vk.com,Male,Ireland,Ballyhaunis,-8.7683674,53.7942932
104,Maryellen,Anker,manker2v@xinhuanet.com,Female,Ireland,Portarlington,-7.185387,53.158984
105,Paquito,Craze,pcraze2w@nasa.gov,Male,Ireland,Clifden,-10.022186,53.488087
106,Page,Colrein,pcolrein2x@ox.ac.uk,Female,Ireland,Dunmanway,-9.1115941,51.7203863
107,Peder,Gero,pgero2y@netscape.com,Male,Ireland,Ballybofey,-7.74208,54.70972
108,Cassondra,Segeswoeth,csegeswoeth2z@nbcnews.com,Female,Ireland,Kiltamagh,-8.9949917,53.8533151
109,Randy,McCrudden,rmccrudden30@squarespace.com,Male,Ireland,Caherconlish,-8.3545704,52.5593605
110,Christin,Dearlove,cdearlove31@barnesandnoble.com,Female,Ireland,Cluain Meala,-6.2611953,53.3881832
111,Jackie,Bellow,jbellow32@pbs.org,Male,Ireland,Askeaton,-8.9706844,52.6004448
112,Hartley,Masseo,hmasseo33@is.gd,Male,Ireland,Rathnew,-6.374155,53.3223974
113,Lorettalorna,Guyers,lguyers34@prnewswire.com,Female,Ireland,Castleblayney,-6.64937,54.10269
114,Heywood,Chaloner,hchaloner35@live.com,Male,Ireland,Clifden,-10.022186,53.488087
115,Israel,Compfort,icompfort36@amazon.de,Male,Ireland,Bantry,-9.448724,51.680591
116,Torrence,Mileham,tmileham37@prlog.org,Male,Ireland,Mullagh,-8.4977746,51.8895954
117,Marwin,Kovelmann,mkovelmann38@furl.net,Male,Ireland,Blessington,-8.5111664,51.8858819
118,Demetri,Babe,dbabe39@webeden.co.uk,Male,Ireland,Mallow,-8.642661,52.1361219
119,Melany,Hanaby,mhanaby3a@storify.com,Female,Ireland,Rathnew,-6.374155,53.3223974
120,Lelia,Mollindinia,lmollindinia3b@fc2.com,Bigender,Ireland,Tralee,-7.0833118,52.2413206
121,Karim,d'Escoffier,kdescoffier3c@admin.ch,Male,Ireland,Ballymun,-6.264963,53.3897152
122,Yasmeen,Curme,ycurme3d@springer.com,Female,Ireland,Naas,-6.67045,53.213319
123,Jamill,Rowena,jrowena3e@weather.com,Male,Ireland,Raphoe,-8.2755058,52.2627273
124,Darelle,Leas,dleas3f@arstechnica.com,Female,Ireland,Kinnegad,-9.1327273,53.806868
125,Konstantine,Jacobsohn,kjacobsohn3g@zimbio.com,Male,Ireland,Rathwire,-7.145971,53.508326
126,Clement,Fintoph,cfintoph3h@who.int,Male,Ireland,Bagenalstown,-6.9692181,52.7009338
127,Dee,Dyne,ddyne3i@wiley.com,Female,Ireland,Balrothery,-6.1884248,53.5879156
128,Dag,Storek,dstorek3j@tripadvisor.com,Male,Ireland,Macroom,-8.958931,51.904635
129,Ruthy,Saintpierre,rsaintpierre3k@cisco.com,Female,Ireland,Crumlin,-6.3048641,53.3284298
130,Sibel,Gammill,sgammill3l@ameblo.jp,Female,Ireland,Belmullet,-10.0320886,54.2223118
131,Theadora,Buss,tbuss3m@forbes.com,Female,Ireland,Ballivor,-6.1191333,53.1915379
132,Osborne,Rolfe,orolfe3n@hatena.ne.jp,Male,Ireland,Malahide,-6.1479779,53.450694
133,Lenette,Crane,lcrane3o@archive.org,Female,Ireland,Monkstown,-8.9775014,52.8314927
134,Thibaut,Housby,thousby3p@sciencedaily.com,Male,Ireland,Cherryville,-7.1111732,52.2513095
135,Salli,Gatenby,sgatenby3q@over-blog.com,Female,Ireland,Ballisodare,-8.5070436,54.2109904
136,Nathanial,Gobeaux,ngobeaux3r@ebay.com,Male,Ireland,Listowel,-9.4851741,52.4460804
137,Granny,Cottingham,gcottingham3s@tuttocitta.it,Male,Ireland,Ballivor,-6.1191333,53.1915379
138,Jakob,Halshaw,jhalshaw3t@amazon.co.jp,Male,Ireland,Donnybrook,-6.2324705,53.3177535
139,Cordula,Odd,codd3u@ftc.gov,Female,Ireland,Ballinteer,-6.2554371,53.2767301
140,Terrijo,Tod,ttod3v@hp.com,Female,Ireland,Kinnegad,-9.1327273,53.806868
141,Rosalie,Gaynsford,rgaynsford3w@va.gov,Female,Ireland,Dunlewy,-6.1157412,53.2774963
142,Raoul,Seal,rseal3x@nydailynews.com,Male,Ireland,Aughrim,-6.366762,53.2987724
143,Guinna,Salvati,gsalvati3y@fc2.com,Female,Ireland,Ballyjamesduff,-7.086877,53.8363325
144,Ivory,Davidsohn,idavidsohn3z@phoca.cz,Female,Ireland,Manorhamilton,-8.1722002,54.3051891
145,Ezmeralda,Bonehill,ebonehill40@flavors.me,Female,Ireland,Old Kilcullen,-6.7449927,53.1310185
146,Ellwood,Leaton,eleaton41@google.it,Male,Ireland,Castlebellingham,-6.391149,53.8996586
147,Debor,Judd,djudd42@umn.edu,Female,Ireland,Tullyallen,-6.4241156,53.7369009
148,Clementia,Pyett,cpyett43@youtube.com,Female,Ireland,Thomastown,-6.7434401,53.2229873
149,Jsandye,Pagen,jpagen44@berkeley.edu,Female,Ireland,Mullagh,-8.4977746,51.8895954
150,Gilligan,Bortolotti,gbortolotti45@is.gd,Female,Ireland,Cloyne,-6.2398782,53.32112
151,Idalia,Hurll,ihurll46@dailymail.co.uk,Female,Ireland,Ballinteer,-6.2554371,53.2767301
152,Fidel,Kinig,fkinig47@netvibes.com,Male,Ireland,Balally,-6.5899765,52.176031
153,Gayla,Bondy,gbondy48@ow.ly,Female,Ireland,Sutton,-6.1097188,53.3895926
154,Sandi,McWard,smcward49@altervista.org,Agender,Ireland,Granard,-7.5011999,53.776647
155,Haven,Trewett,htrewett4a@histats.com,Male,Ireland,Cashel,-7.888894,52.516323
156,Franciskus,Lovemore,flovemore4b@home.pl,Male,Ireland,Dungloe,-6.3695384,53.3734053
157,Abbey,Tabb,atabb4c@weibo.com,Female,Ireland,Fairview,-6.4202878,54.0026343
158,Adolphe,Millom,amillom4d@umich.edu,Bigender,Ireland,Sutton,-6.1097188,53.3895926
159,Mair,Van Eeden,mvaneeden4e@photobucket.com,Female,Ireland,Longwood,-6.2892907,53.310122
160,Sharia,Sheehy,ssheehy4f@ed.gov,Female,Ireland,Cill Airne,-6.2890702,53.3201497
161,Cissiee,Winders,cwinders4g@google.co.uk,Female,Ireland,Tullamore,-7.518792,53.284466
162,Eimile,Rubke,erubke4h@mozilla.org,Female,Ireland,Mallow,-8.642661,52.1361219
163,Errol,Melburg,emelburg4i@sun.com,Male,Ireland,Moycullen,-9.159604,53.302644
164,Jenni,Padson,jpadson4j@stanford.edu,Bigender,Ireland,Bagenalstown,-6.9692181,52.7009338
165,Tanner,Tarbet,ttarbet4k@nasa.gov,Male,Ireland,Shankill,-6.124065,53.231395
166,Midge,Francello,mfrancello4l@about.com,Female,Ireland,Cloyne,-6.2398782,53.32112
167,Woodman,Madine,wmadine4m@archive.org,Male,Ireland,Dunlewy,-6.1157412,53.2774963
168,Allyn,Romaine,aromaine4n@gizmodo.com,Female,Ireland,Rathnew,-6.374155,53.3223974
169,Addy,Plowes,aplowes4o@cnet.com,Female,Ireland,Castleknock,-9.0248232,53.2760162
170,Melodie,Gledstane,mgledstane4p@smugmug.com,Female,Ireland,Portumna,-8.2215941,53.0917381
171,Christiane,Legion,clegion4q@weather.com,Female,Ireland,Blarney,-8.8562835,53.510243
172,Jermaine,Prendergast,jprendergast4r@tuttocitta.it,Female,Ireland,Milltown,-7.9027266,53.4148582
173,Dulci,Revance,drevance4s@skype.com,Female,Ireland,Killorglin,-9.7850991,52.1058991
174,Godwin,Gabrieli,ggabrieli4t@t.co,Male,Ireland,Castlepollard,-7.2979911,53.6785169
175,Daniela,Losemann,dlosemann4u@ox.ac.uk,Female,Ireland,Sandymount,-6.2152673,53.3323703
176,Langsdon,Spilling,lspilling4v@wikispaces.com,Male,Ireland,Claremorris,-8.334953,51.8610022
177,Jeralee,Humm,jhumm4w@vk.com,Female,Ireland,Crumlin,-6.3048641,53.3284298
178,Gussie,Goodered,ggoodered4x@cornell.edu,Female,Ireland,Valleymount,-6.3077823,53.3655256
179,Darla,Vassie,dvassie4y@ning.com,Female,Ireland,Balally,-6.5899765,52.176031
180,Husain,Luigi,hluigi4z@wordpress.org,Male,Ireland,Blarney,-8.8562835,53.510243
181,Marylin,Cosbee,mcosbee50@amazon.de,Female,Ireland,Castlebellingham,-6.391149,53.8996586
182,Lynelle,Lowdham,llowdham51@deviantart.com,Female,Ireland,Cill Airne,-6.2890702,53.3201497
183,Aleksandr,McClements,amcclements52@livejournal.com,Male,Ireland,Sallins,-6.6633404,53.2492381
184,Tasha,Brooksbank,tbrooksbank53@ehow.com,Female,Ireland,Coolock,-6.1920933,53.3916434
185,Camile,Croisier,ccroisier54@amazon.com,Female,Ireland,Donnybrook,-6.2324705,53.3177535
186,Darius,Leonard,dleonard55@theguardian.com,Male,Ireland,Ballivor,-6.1191333,53.1915379
187,Josh,Redhole,jredhole56@huffingtonpost.com,Male,Ireland,Castlerea,-8.6346959,53.7423435
188,Rosanna,Lesaunier,rlesaunier57@umich.edu,Female,Ireland,Newmarket on Fergus,-8.8950821,52.7604883
189,Milissent,Veneur,mveneur58@tmall.com,Female,Ireland,Shankill,-6.124065,53.231395
190,Mohammed,Barstock,mbarstock59@baidu.com,Male,Ireland,Ballivor,-6.1191333,53.1915379
191,Jonah,Spradbery,jspradbery5a@domainmarket.com,Male,Ireland,Castleblayney,-6.64937,54.10269
192,Bobbe,Cappineer,bcappineer5b@uol.com.br,Female,Ireland,Portarlington,-7.185387,53.158984
193,Ax,Lidden,alidden5c@walmart.com,Male,Ireland,Templeogue,-6.3219759,53.2976886
194,Gaven,Duffil,gduffil5d@bbb.org,Male,Ireland,Listowel,-9.4851741,52.4460804
195,Barnabe,Vanlint,bvanlint5e@creativecommons.org,Male,Ireland,Tallaght,-6.3660863,53.2874153
196,Clarabelle,Tyne,ctyne5f@furl.net,Female,Ireland,Castlebridge,-6.5853664,53.378253
197,Kerby,Pilmore,kpilmore5g@tmall.com,Male,Ireland,Dromiskin,-6.4008792,53.9215606
198,Bennett,Tousy,btousy5h@globo.com,Male,Ireland,Aughrim,-6.366762,53.2987724
199,Robbie,Lante,rlante5i@meetup.com,Female,Ireland,Kildare,-6.9140788,53.169971
200,Art,Lusgdin,alusgdin5j@google.cn,Polygender,Ireland,Naas,-6.67045,53.213319
201,Winna,Maingot,wmaingot5k@last.fm,Female,Ireland,Dungarvan,-6.1822287,53.3788495
202,Ogden,Hewson,ohewson5l@cloudflare.com,Male,Ireland,Crossmolina,-6.473025,54.0086093
203,Merwyn,Favill,mfavill5m@newsvine.com,Male,Ireland,Gorey,-6.308522,52.665267
204,Rockwell,Ludlamme,rludlamme5n@odnoklassniki.ru,Male,Ireland,Clogherhead,-6.2429997,53.7902634
205,Essie,Benstead,ebenstead5o@desdev.cn,Female,Ireland,Manorhamilton,-8.1722002,54.3051891
206,Winni,Bredgeland,wbredgeland5p@google.com,Female,Ireland,Gorey,-6.308522,52.665267
207,Benjie,Drissell,bdrissell5q@ted.com,Male,Ireland,Rathangan,-6.9898366,53.2265199
208,Norris,Bale,nbale5r@purevolume.com,Male,Ireland,Gort,-8.9791425,52.8638391
209,Lilly,McGinley,lmcginley5s@bluehost.com,Female,Ireland,Thomastown,-6.7434401,53.2229873
210,Ethelbert,Harbert,eharbert5t@mozilla.org,Male,Ireland,Ballyjamesduff,-7.086877,53.8363325
211,Adria,Duthy,aduthy5u@umich.edu,Female,Ireland,Killumney,-8.6340751,52.6638144
212,Aubert,Miklem,amiklem5v@amazon.de,Male,Ireland,Gorey,-6.308522,52.665267
213,Valentin,Gilyatt,vgilyatt5w@mediafire.com,Male,Ireland,Belmullet,-10.0320886,54.2223118
214,Guglielmo,Strainge,gstrainge5x@tuttocitta.it,Male,Ireland,Rathwire,-7.145971,53.508326
215,Fabian,Kornilov,fkornilov5y@google.es,Male,Ireland,Ashford,-6.3828795,53.385304
216,Josephina,Schulken,jschulken5z@berkeley.edu,Genderfluid,Ireland,Belmullet,-10.0320886,54.2223118
217,Dino,Perrot,dperrot60@opensource.org,Genderfluid,Ireland,Oranmore,-9.7359765,54.1433253
218,Isidor,Rustman,irustman61@google.it,Male,Ireland,Bearna,-6.2340942,53.2993199
219,Jasmina,Ghiron,jghiron62@apple.com,Female,Ireland,Granard,-7.5011999,53.776647
220,Heddie,Walas,hwalas63@mozilla.com,Female,Ireland,Bearna,-6.2340942,53.2993199
221,Susana,Dunster,sdunster64@linkedin.com,Female,Ireland,Ballymahon,-7.7655701,53.5650926
222,Diane-marie,Toffaloni,dtoffaloni65@spotify.com,Female,Ireland,Cavan,-7.297914,54.026345
223,Bennie,Searston,bsearston66@whitehouse.gov,Male,Ireland,Tullamore,-7.518792,53.284466
224,Steve,Clarabut,sclarabut67@twitter.com,Male,Ireland,Bundoran,-8.2817353,54.4771768
225,Simmonds,O'Cooney,socooney68@stanford.edu,Male,Ireland,Birr,-7.9139891,53.0949398
226,Bryn,Hessay,bhessay69@nationalgeographic.com,Male,Ireland,Oranmore,-9.7359765,54.1433253
227,Woodrow,Hanmore,whanmore6a@wordpress.org,Male,Ireland,Navan,-6.313755,53.366736
228,Sean,O'Dunneen,sodunneen6b@bloglines.com,Male,Ireland,Kingscourt,-6.2755912,53.3500473
229,Elisha,Lilliman,elilliman6c@bloglovin.com,Male,Ireland,Bailieborough,-6.9711886,53.916791
230,Gillian,Garmans,ggarmans6d@webnode.com,Female,Ireland,Coolock,-6.1920933,53.3916434
231,Lemmy,Lett,llett6e@oaic.gov.au,Male,Ireland,Longford,-7.8004329,53.7283566
232,Eden,Goundry,egoundry6f@oracle.com,Female,Ireland,Eadestown,-6.590926,53.1936864
233,Dewain,Bamling,dbamling6g@mtv.com,Male,Ireland,Greenhills,-6.336393,53.3122864
234,Randell,Lockart,rlockart6h@bigcartel.com,Male,Ireland,Ballina,-9.151825,54.11215
235,Ardine,Sodor,asodor6i@sina.com.cn,Female,Ireland,Raphoe,-8.2755058,52.2627273
236,Dorotea,Smalley,dsmalley6j@mozilla.org,Female,Ireland,Castlerea,-8.6346959,53.7423435
237,Lynnet,MacAndreis,lmacandreis6k@slate.com,Female,Ireland,Ballyjamesduff,-7.086877,53.8363325
238,Normy,Jaulme,njaulme6l@photobucket.com,Male,Ireland,Loughrea,-6.3506335,53.2911347
239,Renie,Buggy,rbuggy6m@unblog.fr,Female,Ireland,Tallaght,-6.3660863,53.2874153
240,Hyacintha,Fewell,hfewell6n@ezinearticles.com,Female,Ireland,Kinlough,-6.1136478,53.2121335
241,Berti,Liles,bliles6o@myspace.com,Female,Ireland,Ashbourne,-6.1215213,53.2724538
242,Shirley,Chidwick,schidwick6p@dagondesign.com,Female,Ireland,Midleton,-8.1722173,51.9138694
243,Wenona,Scurfield,wscurfield6q@hexun.com,Female,Ireland,Cork,-8.489012,51.923707
244,Leta,Jills,ljills6r@un.org,Polygender,Ireland,Tullamore,-7.518792,53.284466
245,Jared,Muckart,jmuckart6s@newsvine.com,Male,Ireland,Clondalkin,-6.4496384,53.3582341
246,Devlen,Wigelsworth,dwigelsworth6t@studiopress.com,Male,Ireland,Ballyhaunis,-8.7683674,53.7942932
247,Phyllis,Matchett,pmatchett6u@mit.edu,Female,Ireland,Castlerea,-8.6346959,53.7423435
248,Daisey,Felipe,dfelipe6v@wsj.com,Female,Ireland,Ballinteer,-6.2554371,53.2767301
249,Siusan,Oldford,soldford6w@nba.com,Female,Ireland,Greystones,-6.0704904,53.1286984
250,Chandal,Dales,cdales6x@ted.com,Female,Ireland,Cherryville,-7.1111732,52.2513095
251,Findley,Dwyer,fdwyer6y@mediafire.com,Male,Ireland,Fairview,-6.4202878,54.0026343
252,Gilbert,McKirdy,gmckirdy6z@feedburner.com,Male,Ireland,Tower,-80.7087609,35.7797381
253,Theadora,Denes,tdenes70@cargocollective.com,Female,Ireland,Clonskeagh,-6.2387374,53.3141205
254,Paolina,Leftbridge,pleftbridge71@cmu.edu,Female,Ireland,Gweedore,-9.0288689,53.2737147
255,Jandy,Pashen,jpashen72@fc2.com,Female,Ireland,Valleymount,-6.3077823,53.3655256
256,Mahmud,Kirkness,mkirkness73@yolasite.com,Agender,Ireland,Macroom,-8.958931,51.904635
257,Mahalia,Bowstead,mbowstead74@phpbb.com,Female,Ireland,Bearna,-6.2340942,53.2993199
258,Maxim,Shuttlewood,mshuttlewood75@squidoo.com,Male,Ireland,Beaumont,-6.2057463,53.3870149
259,Bernhard,Bryden,bbryden76@exblog.jp,Male,Ireland,Moycullen,-9.159604,53.302644
260,Gena,Vogele,gvogele77@youtube.com,Female,Ireland,Tower,-80.7087609,35.7797381
261,Brandice,Cohan,bcohan78@trellian.com,Female,Ireland,Clifden,-10.022186,53.488087
262,Lyndsie,Eivers,leivers79@ca.gov,Non-binary,Ireland,Clifden,-10.022186,53.488087
263,Dulciana,Dovidian,ddovidian7a@google.co.uk,Bigender,Ireland,Aughrim,-6.366762,53.2987724
264,Shelli,Siggin,ssiggin7b@ning.com,Female,Ireland,Youghal,-7.8434254,51.949401
265,Winny,Bartrap,wbartrap7c@unesco.org,Male,Ireland,Lusk,-6.1535181,53.5220275
266,Halley,Pickle,hpickle7d@about.me,Female,Ireland,Cluain Meala,-6.2611953,53.3881832
267,Bayard,Davydkov,bdavydkov7e@amazon.de,Male,Ireland,Cork,-8.489012,51.923707
268,Sergeant,Nuzzi,snuzzi7f@utexas.edu,Male,Ireland,Dunleer,-8.5176583,51.8863277
269,Karl,Goadsby,kgoadsby7g@mit.edu,Male,Ireland,Caherconlish,-8.3545704,52.5593605
270,Alia,Thying,athying7h@upenn.edu,Genderfluid,Ireland,Granard,-7.5011999,53.776647
271,Dawn,Kahane,dkahane7i@discovery.com,Polygender,Ireland,Castlepollard,-7.2979911,53.6785169
272,Baird,Snedker,bsnedker7j@wikia.com,Male,Ireland,Dún Laoghaire,-6.133718,53.291512
273,Aimil,O'Curran,aocurran7k@cam.ac.uk,Female,Ireland,Crumlin,-6.3048641,53.3284298
274,Nita,Godball,ngodball7l@a8.net,Female,Ireland,Donegal,-8.5946591,54.632283
275,Teodorico,Stockings,tstockings7m@sakura.ne.jp,Male,Ireland,Cabinteely,-6.1603828,53.2599034
276,Lanni,Rubinchik,lrubinchik7n@ucla.edu,Female,Ireland,Old Kilcullen,-6.7449927,53.1310185
277,Cassey,Bodega,cbodega7o@newsvine.com,Female,Ireland,Granard,-7.5011999,53.776647
278,Inglebert,Whitcomb,iwhitcomb7p@cpanel.net,Male,Ireland,Ballymahon,-7.7655701,53.5650926
279,Noelyn,Lanchberry,nlanchberry7q@springer.com,Female,Ireland,Blarney,-8.8562835,53.510243
280,Hashim,Radnage,hradnage7r@1688.com,Male,Ireland,Templeogue,-6.3219759,53.2976886
281,Forrester,Welbeck,fwelbeck7s@wikipedia.org,Male,Ireland,Dunleer,-8.5176583,51.8863277
282,Rosanna,Keijser,rkeijser7t@google.nl,Female,Ireland,Clones,-7.2314132,54.1794814
283,Tades,Tuckett,ttuckett7u@google.de,Polygender,Ireland,Moycullen,-9.159604,53.302644
284,Flor,Necolds,fnecolds7v@amazon.co.jp,Female,Ireland,Oughterard,-6.1406578,53.2886387
285,Shayla,Devany,sdevany7w@google.com,Female,Ireland,Loughrea,-6.3506335,53.2911347
286,Aubine,Ahren,aahren7x@reddit.com,Female,Ireland,Balally,-6.5899765,52.176031
287,Arel,Sawrey,asawrey7y@nasa.gov,Male,Ireland,Bantry,-9.448724,51.680591
288,Staci,Melby,smelby7z@nih.gov,Bigender,Ireland,Malahide,-6.1479779,53.450694
289,Anastassia,McElrath,amcelrath80@businesswire.com,Female,Ireland,Cluain Meala,-6.2611953,53.3881832
290,Frankie,Kidwell,fkidwell81@goodreads.com,Female,Ireland,Manorhamilton,-8.1722002,54.3051891
291,Normy,Simnell,nsimnell82@github.io,Male,Ireland,Cluain Meala,-6.2611953,53.3881832
292,Paulette,De Castri,pdecastri83@census.gov,Female,Ireland,Ballylinan,-7.0472382,52.9480781
293,Raina,Seargeant,rseargeant84@sakura.ne.jp,Female,Ireland,Ballylinan,-7.0472382,52.9480781
294,Verge,Langfat,vlangfat85@skype.com,Male,Ireland,Crossmolina,-6.473025,54.0086093
295,Kennith,Trehearn,ktrehearn86@trellian.com,Male,Ireland,Swords,-6.2071246,53.4562426
296,Horatio,Egle,hegle87@vistaprint.com,Male,Ireland,Crossmolina,-6.473025,54.0086093
297,Marijo,Durie,mdurie88@abc.net.au,Female,Ireland,Bundoran,-8.2817353,54.4771768
298,Riccardo,Wedon,rwedon89@illinois.edu,Male,Ireland,Clones,-7.2314132,54.1794814
299,Hayward,Beminster,hbeminster8a@alibaba.com,Male,Ireland,Cloyne,-6.2398782,53.32112
300,Aldrich,Bricklebank,abricklebank8b@biblegateway.com,Male,Ireland,Templeogue,-6.3219759,53.2976886
301,Gae,Cutmare,gcutmare8c@cmu.edu,Female,Ireland,Dungarvan,-6.1822287,53.3788495
302,Darn,Jura,djura8d@upenn.edu,Agender,Ireland,Farranacoush,-8.5171384,51.876873
303,Lara,Alston,lalston8e@360.cn,Genderqueer,Ireland,Kiltamagh,-8.9949917,53.8533151
304,Gianni,Jenks,gjenks8f@wikispaces.com,Male,Ireland,Boyle,-8.2969737,53.9735591
305,Toni,Shemilt,tshemilt8g@goo.gl,Female,Ireland,Gorey,-6.308522,52.665267
306,Winfield,Hubball,whubball8h@google.es,Male,Ireland,Crumlin,-6.3048641,53.3284298
307,Mathew,Jenteau,mjenteau8i@mapy.cz,Male,Ireland,Ratoath,-6.4671298,53.5050031
308,Maddi,Sey,msey8j@domainmarket.com,Female,Ireland,Lusk,-6.1535181,53.5220275
309,Steffane,Seppey,sseppey8k@thetimes.co.uk,Female,Ireland,Dalkey,-6.1072403,53.2780047
310,Drusy,Merrywether,dmerrywether8l@dailymotion.com,Female,Ireland,Kilkenny,-7.2584,52.655184
311,Collin,Pedel,cpedel8m@bloglines.com,Male,Ireland,Portarlington,-7.185387,53.158984
312,Arte,Kenneway,akenneway8n@answers.com,Male,Ireland,Clifden,-10.022186,53.488087
313,Katie,Rowan,krowan8o@spotify.com,Female,Ireland,Piltown,-6.3025448,53.6920618
314,Kiah,McManus,kmcmanus8p@reverbnation.com,Female,Ireland,Shankill,-6.124065,53.231395
315,Jesus,Extence,jextence8q@wired.com,Male,Ireland,Oughterard,-6.1406578,53.2886387
316,Yale,Peepall,ypeepall8r@ucoz.com,Male,Ireland,Kilmacanoge,-6.139018,53.171935
317,Shawnee,Huller,shuller8s@myspace.com,Female,Ireland,Kill,-6.5924609,53.2482376
318,Sigfrid,Tokley,stokley8t@ftc.gov,Male,Ireland,Gort,-8.9791425,52.8638391
319,Gregorio,Demsey,gdemsey8u@alexa.com,Male,Ireland,Naas,-6.67045,53.213319
320,Lavinie,Venny,lvenny8v@youku.com,Female,Ireland,Milltown,-7.9027266,53.4148582
321,Barbra,Mustoo,bmustoo8w@dmoz.org,Female,Ireland,Whitegate,-6.3539424,53.3666338
322,Sammy,Pregel,spregel8x@hugedomains.com,Male,Ireland,Bagenalstown,-6.9692181,52.7009338
323,Arne,Miklem,amiklem8y@hud.gov,Male,Ireland,Navan,-6.313755,53.366736
324,Ernest,Venart,evenart8z@europa.eu,Male,Ireland,Kill,-6.5924609,53.2482376
325,Hersch,Beazleigh,hbeazleigh90@hc360.com,Male,Ireland,Blarney,-8.8562835,53.510243
326,Bradney,Struijs,bstruijs91@infoseek.co.jp,Male,Ireland,Bagenalstown,-6.9692181,52.7009338
327,Jazmin,Rattray,jrattray92@youtu.be,Female,Ireland,Gort,-8.9791425,52.8638391
328,Sonia,Golthorpp,sgolthorpp93@stanford.edu,Non-binary,Ireland,Athy,-6.9858993,53.0018699
329,Effie,Aaronson,eaaronson94@mapquest.com,Female,Ireland,Cavan,-7.297914,54.026345
330,Leonid,Clemenza,lclemenza95@fotki.com,Male,Ireland,Piltown,-6.3025448,53.6920618
331,Chanda,Goede,cgoede96@joomla.org,Female,Ireland,Skerries,-6.1349155,53.5834008
332,Ewan,Andrag,eandrag97@github.io,Male,Ireland,Cloyne,-6.2398782,53.32112
333,Grete,Allone,gallone98@hibu.com,Female,Ireland,Coolock,-6.1920933,53.3916434
334,Mariana,Fabler,mfabler99@paypal.com,Female,Ireland,Shankill,-6.124065,53.231395
335,Flore,Boam,fboam9a@nba.com,Female,Ireland,Dromiskin,-6.4008792,53.9215606
336,Jolee,Glanister,jglanister9b@geocities.com,Female,Ireland,Ballisodare,-8.5070436,54.2109904
337,Jaquith,Calvie,jcalvie9c@purevolume.com,Female,Ireland,Leixlip,-6.4887534,53.3653866
338,Elise,Palister,epalister9d@virginia.edu,Female,Ireland,Kilcullen,-8.5047067,51.8830697
339,Horatia,Emor,hemor9e@eepurl.com,Female,Ireland,Rathwire,-7.145971,53.508326
340,Cull,Rennicks,crennicks9f@wufoo.com,Male,Ireland,Tower,-80.7087609,35.7797381
341,Mame,Roseburgh,mroseburgh9g@whitehouse.gov,Female,Ireland,Ashford,-6.3828795,53.385304
342,Max,Crumby,mcrumby9h@furl.net,Male,Ireland,Athlone,-7.9428197,53.4231032
343,Daren,Fullun,dfullun9i@goo.ne.jp,Male,Ireland,Valleymount,-6.3077823,53.3655256
344,Debra,Glencorse,dglencorse9j@meetup.com,Female,Ireland,Midleton,-8.1722173,51.9138694
345,Bastian,Petto,bpetto9k@hugedomains.com,Male,Ireland,Bayside,-9.1097137,53.2582868
346,Ashby,St Ange,astange9l@comcast.net,Genderfluid,Ireland,Kanturk,-8.9342111,52.182304
347,Mendel,Connechie,mconnechie9m@ezinearticles.com,Male,Ireland,Newmarket on Fergus,-8.8950821,52.7604883
348,Ollie,Town,otown9n@cargocollective.com,Male,Ireland,Naas,-6.67045,53.213319
349,Orran,Potts,opotts9o@gizmodo.com,Male,Ireland,Muff,-7.269174,55.0650892
350,Corbet,Shuttle,cshuttle9p@xinhuanet.com,Male,Ireland,Fairview,-6.4202878,54.0026343
351,Brook,Boij,bboij9q@businessinsider.com,Female,Ireland,Rathnew,-6.374155,53.3223974
352,Kittie,Francis,kfrancis9r@hexun.com,Female,Ireland,Granard,-7.5011999,53.776647
353,Dareen,Bollands,dbollands9s@theatlantic.com,Female,Ireland,Carrigaline,-8.3929404,51.8113447
354,Helaina,Hellmore,hhellmore9t@jimdo.com,Female,Ireland,Castleknock,-9.0248232,53.2760162
355,Selig,Worsham,sworsham9u@google.ru,Male,Ireland,Cavan,-7.297914,54.026345
356,Hilde,Kelk,hkelk9v@sbwire.com,Female,Ireland,Piltown,-6.3025448,53.6920618
357,Avigdor,Goodlet,agoodlet9w@princeton.edu,Male,Ireland,Castlerea,-8.6346959,53.7423435
358,Urbano,MacPhail,umacphail9x@slideshare.net,Male,Ireland,Clones,-7.2314132,54.1794814
359,Daryle,Olensby,dolensby9y@springer.com,Male,Ireland,Castlepollard,-7.2979911,53.6785169
360,Carry,Trustie,ctrustie9z@psu.edu,Female,Ireland,Cill Airne,-6.2890702,53.3201497
361,Urban,Maroney,umaroneya0@edublogs.org,Male,Ireland,Tullamore,-7.518792,53.284466
362,Cacilia,Robeiro,crobeiroa1@com.com,Female,Ireland,Kilcullen,-8.5047067,51.8830697
363,Meghan,Wiltshear,mwiltsheara2@reuters.com,Genderfluid,Ireland,Birr,-7.9139891,53.0949398
364,Pincus,Kubal,pkubala3@seesaa.net,Male,Ireland,Gorey,-6.308522,52.665267
365,Kessiah,Kelly,kkellya4@livejournal.com,Female,Ireland,Dalkey,-6.1072403,53.2780047
366,Wilbur,Feveryear,wfeveryeara5@reuters.com,Male,Ireland,Raphoe,-8.2755058,52.2627273
367,Theodoric,Tuppeny,ttuppenya6@europa.eu,Non-binary,Ireland,Monaghan,-7.0943023,54.2694844
368,Burnaby,Knowlton,bknowltona7@naver.com,Agender,Ireland,Aughrim,-6.366762,53.2987724
369,Griffie,Walch,gwalcha8@fema.gov,Male,Ireland,Kingscourt,-6.2755912,53.3500473
370,Thatch,Tartt,ttartta9@cafepress.com,Male,Ireland,Daingean,-7.1297243,52.2509369
371,Lorens,Lively,llivelyaa@ox.ac.uk,Male,Ireland,Clonskeagh,-6.2387374,53.3141205
372,Annmaria,Dallander,adallanderab@slashdot.org,Female,Ireland,Sandymount,-6.2152673,53.3323703
373,Minni,Polon,mpolonac@twitter.com,Female,Ireland,Tralee,-7.0833118,52.2413206
374,Eugen,Tanswell,etanswellad@photobucket.com,Polygender,Ireland,Beaumont,-6.2057463,53.3870149
375,Carrie,Romaine,cromaineae@sun.com,Female,Ireland,Ferbane,-8.4824714,51.8862378
376,Mommy,Satterfitt,msatterfittaf@loc.gov,Genderqueer,Ireland,Monkstown,-8.9775014,52.8314927
377,Jordon,Berthe,jbertheag@businesswire.com,Male,Ireland,Dromiskin,-6.4008792,53.9215606
378,Deanne,Totaro,dtotaroah@time.com,Female,Ireland,Midleton,-8.1722173,51.9138694
379,Carlota,Dorward,cdorwardai@wikimedia.org,Female,Ireland,Boyle,-8.2969737,53.9735591
380,Marlena,Paula,mpaulaaj@csmonitor.com,Female,Ireland,Ballyhaunis,-8.7683674,53.7942932
381,Edee,Eldrid,eeldridak@pen.io,Female,Ireland,Donnybrook,-6.2324705,53.3177535
382,Cesaro,Saffe,csaffeal@paypal.com,Male,Ireland,Moycullen,-9.159604,53.302644
383,Carolus,Mounter,cmounteram@furl.net,Bigender,Ireland,Gort,-8.9791425,52.8638391
384,Larissa,Dami,ldamian@woothemes.com,Female,Ireland,Macroom,-8.958931,51.904635
385,Osborne,Normabell,onormabellao@dedecms.com,Male,Ireland,Athy,-6.9858993,53.0018699
386,Alexis,Suckling,asucklingap@tiny.cc,Male,Ireland,Athy,-6.9858993,53.0018699
387,Tobe,Chapling,tchaplingaq@ocn.ne.jp,Female,Ireland,Youghal,-7.8434254,51.949401
388,Benyamin,Bastistini,bbastistiniar@usnews.com,Male,Ireland,Leixlip,-6.4887534,53.3653866
389,Tiebout,Masham,tmashamas@state.gov,Male,Ireland,Beaumont,-6.2057463,53.3870149
390,Ambrosius,Chestle,achestleat@ihg.com,Male,Ireland,Tullamore,-7.518792,53.284466
391,Fredrika,Edinburgh,fedinburghau@baidu.com,Female,Ireland,Edgeworthstown,-7.606287,53.6972399
392,Nettie,Esh,neshav@disqus.com,Female,Ireland,Nenagh,-8.2001004,52.86326
393,Andee,Aronovich,aaronovichaw@lulu.com,Female,Ireland,Templeogue,-6.3219759,53.2976886
394,Franklyn,Crowest,fcrowestax@bizjournals.com,Male,Ireland,Kilkenny,-7.2584,52.655184
395,Mordecai,Rabbitt,mrabbittay@elegantthemes.com,Male,Ireland,Castleblayney,-6.64937,54.10269
396,Freeland,Clyde,fclydeaz@about.me,Male,Ireland,Ballymun,-6.264963,53.3897152
397,Dallis,Pfertner,dpfertnerb0@privacy.gov.au,Male,Ireland,Old Kilcullen,-6.7449927,53.1310185
398,Vernice,Bereford,vberefordb1@mail.ru,Female,Ireland,Bayside,-9.1097137,53.2582868
399,Carolin,Gozzard,cgozzardb2@redcross.org,Female,Ireland,Clondalkin,-6.4496384,53.3582341
400,Susann,Cowin,scowinb3@parallels.com,Female,Ireland,Monasterevin,-7.0625888,53.1387595
401,Minta,Huyge,mhuygeb4@blogger.com,Female,Ireland,Monaghan,-7.0943023,54.2694844
402,Teodoor,Bartholin,tbartholinb5@ucoz.com,Male,Ireland,Kanturk,-8.9342111,52.182304
403,Berkly,Brok,bbrokb6@businesswire.com,Male,Ireland,Castleblayney,-6.64937,54.10269
404,Vanni,Boothe,vbootheb7@indiegogo.com,Female,Ireland,Daingean,-7.1297243,52.2509369
405,Fransisco,Burkill,fburkillb8@thetimes.co.uk,Male,Ireland,Crumlin,-6.3048641,53.3284298
406,Dallis,Mathieu,dmathieub9@netvibes.com,Male,Ireland,Farranacoush,-8.5171384,51.876873
407,Clywd,Beevens,cbeevensba@hubpages.com,Bigender,Ireland,Clogherhead,-6.2429997,53.7902634
408,Deck,Matthai,dmatthaibb@noaa.gov,Genderqueer,Ireland,Daingean,-7.1297243,52.2509369
409,Tomas,Imlach,timlachbc@dyndns.org,Genderfluid,Ireland,Stradbally,-8.5054897,52.7107501
410,Zolly,Dregan,zdreganbd@last.fm,Male,Ireland,Clondalkin,-6.4496384,53.3582341
411,Craggie,Hylden,chyldenbe@blog.com,Male,Ireland,Raphoe,-8.2755058,52.2627273
412,Christian,Hamnet,chamnetbf@elpais.com,Male,Ireland,Balrothery,-6.1884248,53.5879156
413,West,Savile,wsavilebg@ow.ly,Male,Ireland,Ashford,-6.3828795,53.385304
414,Harley,Thoma,hthomabh@rediff.com,Male,Ireland,Blessington,-8.5111664,51.8858819
415,Bill,Lowdeane,blowdeanebi@ovh.net,Female,Ireland,Cobh,-8.298942,51.848898
416,Hailee,Le Fleming,hleflemingbj@godaddy.com,Polygender,Ireland,Killorglin,-9.7850991,52.1058991
417,Jon,Bray,jbraybk@xinhuanet.com,Male,Ireland,Swords,-6.2071246,53.4562426
418,Ellene,Claridge,eclaridgebl@ustream.tv,Female,Ireland,Kinnegad,-9.1327273,53.806868
419,Nalani,Partridge,npartridgebm@unc.edu,Female,Ireland,Piltown,-6.3025448,53.6920618
420,Jone,Lomasney,jlomasneybn@sakura.ne.jp,Male,Ireland,Kinsale,-6.251714,53.3169419
421,Isidro,Bartzen,ibartzenbo@slashdot.org,Male,Ireland,Longwood,-6.2892907,53.310122
422,Marve,Cansdill,mcansdillbp@cnet.com,Male,Ireland,Ballymahon,-7.7655701,53.5650926
423,Wilt,Wesgate,wwesgatebq@acquirethisname.com,Male,Ireland,Tower,-80.7087609,35.7797381
424,Moshe,Pol,mpolbr@parallels.com,Male,Ireland,Tullyallen,-6.4241156,53.7369009
425,Ody,Craigmile,ocraigmilebs@mlb.com,Male,Ireland,Sallins,-6.6633404,53.2492381
426,Jessa,De Malchar,jdemalcharbt@weather.com,Female,Ireland,Kilkenny,-7.2584,52.655184
427,Ragnar,Klaessen,rklaessenbu@shareasale.com,Male,Ireland,Farranacoush,-8.5171384,51.876873
428,Arin,Dat,adatbv@shinystat.com,Male,Ireland,Thomastown,-6.7434401,53.2229873
429,Julianna,Brenard,jbrenardbw@arstechnica.com,Female,Ireland,Sandymount,-6.2152673,53.3323703
430,Helen-elizabeth,Culverhouse,hculverhousebx@tripod.com,Female,Ireland,Ballisodare,-8.5070436,54.2109904
431,Oona,Macer,omacerby@liveinternet.ru,Female,Ireland,Cobh,-8.298942,51.848898
432,Almeda,Hanne,ahannebz@hc360.com,Female,Ireland,Cork,-8.489012,51.923707
433,Paulie,O'Mohun,pomohunc0@examiner.com,Male,Ireland,Crumlin,-6.3048641,53.3284298
434,Abigail,Oakhill,aoakhillc1@salon.com,Female,Ireland,Tralee,-7.0833118,52.2413206
435,Xever,Doogue,xdooguec2@freewebs.com,Male,Ireland,Gorey,-6.308522,52.665267
436,Harp,Mahaddie,hmahaddiec3@narod.ru,Male,Ireland,Kinlough,-6.1136478,53.2121335
437,Rosalie,Tutt,rtuttc4@youtu.be,Female,Ireland,Kinsealy-Drinan,-6.1644997,53.4266145
438,Roscoe,Newcomb,rnewcombc5@cpanel.net,Male,Ireland,Crossmolina,-6.473025,54.0086093
439,Cooper,Rannells,crannellsc6@china.com.cn,Male,Ireland,Cloyne,-6.2398782,53.32112
440,Lynnell,Mathen,lmathenc7@cafepress.com,Female,Ireland,Gorey,-6.308522,52.665267
441,Fara,Lindroos,flindroosc8@usnews.com,Genderfluid,Ireland,Ballisodare,-8.5070436,54.2109904
442,Orly,Backes,obackesc9@webnode.com,Female,Ireland,Castlerea,-8.6346959,53.7423435
443,Meir,Menichelli,mmenichellica@patch.com,Male,Ireland,Rathwire,-7.145971,53.508326
444,Pauline,Schneider,pschneidercb@flickr.com,Genderqueer,Ireland,Ballisodare,-8.5070436,54.2109904
445,Dorree,Fidelli,dfidellicc@google.co.uk,Female,Ireland,Kinsealy-Drinan,-6.1644997,53.4266145
446,Milissent,Dawton,mdawtoncd@g.co,Female,Ireland,Bundoran,-8.2817353,54.4771768
447,Harwell,Primmer,hprimmerce@arizona.edu,Male,Ireland,Crossmolina,-6.473025,54.0086093
448,Marylee,Hearn,mhearncf@columbia.edu,Female,Ireland,Kingscourt,-6.2755912,53.3500473
449,Terrill,Dibson,tdibsoncg@mit.edu,Male,Ireland,Farranacoush,-8.5171384,51.876873
450,Anabel,Aberkirder,aaberkirderch@answers.com,Non-binary,Ireland,Dromiskin,-6.4008792,53.9215606
451,Aguste,Andrichak,aandrichakci@discuz.net,Polygender,Ireland,Castlemartyr,-8.05,51.9166667
452,Luciana,Broster,lbrostercj@sakura.ne.jp,Female,Ireland,Charlesland,-6.0690645,53.1257486
453,Aindrea,Philps,aphilpsck@telegraph.co.uk,Female,Ireland,Dunlewy,-6.1157412,53.2774963
454,Norbert,Barkly,nbarklycl@webmd.com,Male,Ireland,Donabate,-6.1544115,53.4855448
455,Thorin,Norssister,tnorssistercm@issuu.com,Male,Ireland,Mullagh,-8.4977746,51.8895954
456,Ranna,Toone,rtoonecn@blogspot.com,Female,Ireland,Cluain Meala,-6.2611953,53.3881832
457,Felix,Mulvany,fmulvanyco@cnn.com,Bigender,Ireland,Ballisodare,-8.5070436,54.2109904
458,Giff,Presdee,gpresdeecp@vinaora.com,Male,Ireland,Greenhills,-6.336393,53.3122864
459,Leland,Seeborne,lseebornecq@theglobeandmail.com,Male,Ireland,Gorey,-6.308522,52.665267
460,Durward,Southerill,dsoutherillcr@pen.io,Male,Ireland,Prosperous,-6.7515223,53.2888321
461,Sheryl,Hilley,shilleycs@fda.gov,Female,Ireland,Dunmanway,-9.1115941,51.7203863
462,Dody,Wilkinson,dwilkinsonct@godaddy.com,Female,Ireland,Carrigaline,-8.3929404,51.8113447
463,Jandy,Ioannidis,jioannidiscu@noaa.gov,Female,Ireland,Farranacoush,-8.5171384,51.876873
464,Suzann,Hartgill,shartgillcv@51.la,Female,Ireland,Swords,-6.2071246,53.4562426
465,Stepha,O'Scollain,soscollaincw@sciencedirect.com,Female,Ireland,Donabate,-6.1544115,53.4855448
466,Berky,Mendus,bmenduscx@marriott.com,Male,Ireland,Swords,-6.2071246,53.4562426
467,Shannah,Antley,santleycy@google.co.uk,Female,Ireland,Sutton,-6.1097188,53.3895926
468,Stacy,Lavelle,slavellecz@netscape.com,Female,Ireland,Mallow,-8.642661,52.1361219
469,Kit,MacKimm,kmackimmd0@huffingtonpost.com,Male,Ireland,Foxrock,-6.1011147,53.2000455
470,Avivah,Holtum,aholtumd1@ezinearticles.com,Female,Ireland,Clones,-7.2314132,54.1794814
471,Mortimer,Procter,mprocterd2@businessinsider.com,Male,Ireland,Nenagh,-8.2001004,52.86326
472,Lonny,Cheshir,lcheshird3@webeden.co.uk,Male,Ireland,Enniskerry,-8.9821467,52.8498651
473,Andriana,Dockery,adockeryd4@istockphoto.com,Female,Ireland,Monasterevin,-7.0625888,53.1387595
474,Erv,Patten,epattend5@studiopress.com,Male,Ireland,Cherryville,-7.1111732,52.2513095
475,Aida,Langthorne,alangthorned6@quantcast.com,Female,Ireland,Aghada,-8.4627451,54.25645
476,Baxie,Estoile,bestoiled7@youtu.be,Male,Ireland,Castlerea,-8.6346959,53.7423435
477,Gay,Polycote,gpolycoted8@hostgator.com,Male,Ireland,Kill,-6.5924609,53.2482376
478,Coralie,Ninnoli,cninnolid9@123-reg.co.uk,Female,Ireland,Ballyboden,-6.3049392,53.3021194
479,Luci,Jikovsky,ljikovskyda@ustream.tv,Female,Ireland,Castlepollard,-7.2979911,53.6785169
480,Winna,Selwyne,wselwynedb@disqus.com,Female,Ireland,Navan,-6.313755,53.366736
481,Cate,Loveridge,cloveridgedc@wufoo.com,Genderfluid,Ireland,Raheny,-6.1820563,53.3786861
482,Lesly,Jodkowski,ljodkowskidd@last.fm,Female,Ireland,Manorhamilton,-8.1722002,54.3051891
483,Berke,Dowears,bdowearsde@nba.com,Male,Ireland,Coolock,-6.1920933,53.3916434
484,Tobey,Itzkovich,titzkovichdf@virginia.edu,Female,Ireland,Midleton,-8.1722173,51.9138694
485,Glen,Harryman,gharrymandg@pinterest.com,Male,Ireland,Boyle,-8.2969737,53.9735591
486,Cristin,Kaufman,ckaufmandh@rediff.com,Female,Ireland,Birr,-7.9139891,53.0949398
487,Yovonnda,Lewins,ylewinsdi@skyrock.com,Female,Ireland,Ballylinan,-7.0472382,52.9480781
488,Sascha,Follows,sfollowsdj@reverbnation.com,Male,Ireland,Tallaght,-6.3660863,53.2874153
489,Letty,Caghan,lcaghandk@toplist.cz,Female,Ireland,Clones,-7.2314132,54.1794814
490,Willi,McGee,wmcgeedl@behance.net,Female,Ireland,Blessington,-8.5111664,51.8858819
491,Derek,Soitoux,dsoitouxdm@4shared.com,Male,Ireland,Swinford,-8.9480659,53.940892
492,Cathrine,Penner,cpennerdn@sitemeter.com,Female,Ireland,Clonskeagh,-6.2387374,53.3141205
493,Robinette,Critoph,rcritophdo@blogs.com,Female,Ireland,Blarney,-8.8562835,53.510243
494,Loree,Percifer,lperciferdp@independent.co.uk,Female,Ireland,Gort,-8.9791425,52.8638391
495,Gill,Gaffey,ggaffeydq@nsw.gov.au,Male,Ireland,Greenhills,-6.336393,53.3122864
496,Modestine,Langmaid,mlangmaiddr@npr.org,Female,Ireland,Boyle,-8.2969737,53.9735591
497,Lin,Handman,lhandmands@auda.org.au,Female,Ireland,Drumcondra,-8.445614,51.8885086
498,Cleavland,Reynish,creynishdt@flickr.com,Male,Ireland,Clondalkin,-6.4496384,53.3582341
499,Gavan,Wyllt,gwylltdu@pcworld.com,Male,Ireland,Thomastown,-6.7434401,53.2229873
500,Sunny,Waiton,swaitondv@paginegialle.it,Male,Ireland,Greenhills,-6.336393,53.3122864
501,Gretta,Setch,gsetchdw@nydailynews.com,Female,Ireland,Claremorris,-8.334953,51.8610022
502,Lurette,Belderfield,lbelderfielddx@webmd.com,Female,Ireland,Macroom,-8.958931,51.904635
503,Carolyne,Newcomen,cnewcomendy@sphinn.com,Female,Ireland,Kinlough,-6.1136478,53.2121335
504,Atalanta,Polycote,apolycotedz@twitpic.com,Female,Ireland,Clondalkin,-6.4496384,53.3582341
505,Bab,Gossan,bgossane0@utexas.edu,Female,Ireland,Dungloe,-6.3695384,53.3734053
506,Rickert,Dugdale,rdugdalee1@biglobe.ne.jp,Male,Ireland,Ballyboden,-6.3049392,53.3021194
507,Ree,Formilli,rformillie2@cyberchimps.com,Female,Ireland,Boyle,-8.2969737,53.9735591
508,Benn,Beaney,bbeaneye3@kickstarter.com,Male,Ireland,Kildare,-6.9140788,53.169971
509,Melisse,Edelheid,medelheide4@house.gov,Female,Ireland,Cluain Meala,-6.2611953,53.3881832
510,Thom,Danniell,tdannielle5@jigsy.com,Male,Ireland,Moate,-6.1942058,53.3604483
511,Pedro,Pryor,ppryore6@hud.gov,Male,Ireland,Charlesland,-6.0690645,53.1257486
512,Elke,Shaul,eshaule7@privacy.gov.au,Female,Ireland,Dunmanway,-9.1115941,51.7203863
513,Carolyn,Yashaev,cyashaeve8@businessweek.com,Female,Ireland,Gorey,-6.308522,52.665267
514,Rabbi,Margach,rmargache9@g.co,Male,Ireland,Mallow,-8.642661,52.1361219
515,Caitlin,Noirel,cnoirelea@craigslist.org,Female,Ireland,Ballinteer,-6.2554371,53.2767301
516,Janka,Gedney,jgedneyeb@sfgate.com,Female,Ireland,Ballyhaunis,-8.7683674,53.7942932
517,Fraser,Brookson,fbrooksonec@wisc.edu,Agender,Ireland,Whitegate,-6.3539424,53.3666338
518,Sam,Tooher,stoohered@economist.com,Female,Ireland,Ballyboden,-6.3049392,53.3021194
519,Barbra,Ingram,bingramee@shop-pro.jp,Female,Ireland,Cavan,-7.297914,54.026345
520,Nert,Feldharker,nfeldharkeref@netvibes.com,Female,Ireland,Athlone,-7.9428197,53.4231032
521,Tedmund,Schmuhl,tschmuhleg@ca.gov,Male,Ireland,Sandymount,-6.2152673,53.3323703
522,Jerald,Postance,jpostanceeh@hubpages.com,Male,Ireland,Blarney,-8.8562835,53.510243
523,Evy,Vispo,evispoei@google.nl,Female,Ireland,Kinsale,-6.251714,53.3169419
524,Claiborne,Cahan,ccahanej@webmd.com,Male,Ireland,Arklow,-8.4523258,51.880525
525,Midge,Scoines,mscoinesek@bloomberg.com,Agender,Ireland,Kilkenny,-7.2584,52.655184
526,Sidonnie,Trevna,strevnael@mozilla.org,Female,Ireland,Ballinroad,-7.5717688,52.1045472
527,Con,Dockrill,cdockrillem@scribd.com,Female,Ireland,Ashford,-6.3828795,53.385304
528,Lonnie,Henricsson,lhenricssonen@epa.gov,Male,Ireland,Birr,-7.9139891,53.0949398
529,Weidar,Tumpane,wtumpaneeo@1688.com,Male,Ireland,Ballyboden,-6.3049392,53.3021194
530,Georgi,Berthomieu,gberthomieuep@sbwire.com,Bigender,Ireland,Bantry,-9.448724,51.680591
531,Gibbie,Earwicker,gearwickereq@over-blog.com,Male,Ireland,Confey,-6.5028415,53.3806398
532,Gabrielle,Whittall,gwhittaller@wordpress.com,Female,Ireland,Trá Mhór,-9.0197835,53.2736466
533,Gui,Giraldez,ggiraldezes@bloglovin.com,Polygender,Ireland,Muff,-7.269174,55.0650892
534,Goraud,Baszniak,gbaszniaket@flickr.com,Male,Ireland,Monasterevin,-7.0625888,53.1387595
535,Alric,Bawle,abawleeu@wordpress.org,Male,Ireland,Prosperous,-6.7515223,53.2888321
536,Elissa,Casarino,ecasarinoev@princeton.edu,Female,Ireland,Ashford,-6.3828795,53.385304
537,Quinn,Blagden,qblagdenew@europa.eu,Male,Ireland,Virginia,-6.2633149,53.377533
538,Milo,Izod,mizodex@wsj.com,Male,Ireland,Clones,-7.2314132,54.1794814
539,Karlyn,Mapis,kmapisey@google.com.br,Female,Ireland,Kiltamagh,-8.9949917,53.8533151
540,Darby,Kavanagh,dkavanaghez@squarespace.com,Male,Ireland,Coolock,-6.1920933,53.3916434
541,Alane,Camilio,acamiliof0@vk.com,Female,Ireland,Boyle,-8.2969737,53.9735591
542,Mellisent,Galliver,mgalliverf1@scribd.com,Female,Ireland,Balrothery,-6.1884248,53.5879156
543,Teena,Grieswood,tgrieswoodf2@soundcloud.com,Female,Ireland,Gorey,-6.308522,52.665267
544,Bentley,Natt,bnattf3@macromedia.com,Male,Ireland,Donnycarney,-6.218069,53.374266
545,Ulrika,Fandrey,ufandreyf4@storify.com,Female,Ireland,Askeaton,-8.9706844,52.6004448
546,Lenora,Mahood,lmahoodf5@dell.com,Female,Ireland,Loughrea,-6.3506335,53.2911347
547,Angelita,Carter,acarterf6@illinois.edu,Female,Ireland,Carrigtwohill,-8.259128,51.908209
548,Remington,Collyns,rcollynsf7@mtv.com,Male,Ireland,Ballybofey,-7.74208,54.70972
549,Gwenni,Eborall,geborallf8@cam.ac.uk,Female,Ireland,Ferbane,-8.4824714,51.8862378
550,Hedvige,Dehn,hdehnf9@example.com,Non-binary,Ireland,Ballisodare,-8.5070436,54.2109904
551,Linc,Roskruge,lroskrugefa@blog.com,Male,Ireland,Greenhills,-6.336393,53.3122864
552,Arther,Jorden,ajordenfb@statcounter.com,Male,Ireland,Portumna,-8.2215941,53.0917381
553,Lennard,Bourdel,lbourdelfc@tumblr.com,Male,Ireland,Crossmolina,-6.473025,54.0086093
554,Dedie,Bartoli,dbartolifd@youku.com,Female,Ireland,Malahide,-6.1479779,53.450694
555,Anderson,Chennells,achennellsfe@360.cn,Male,Ireland,Shankill,-6.124065,53.231395
556,Christabel,Scothron,cscothronff@squarespace.com,Genderqueer,Ireland,Manorhamilton,-8.1722002,54.3051891
557,Celestina,Cereceres,ccereceresfg@twitter.com,Female,Ireland,Sallins,-6.6633404,53.2492381
558,Umberto,Acom,uacomfh@diigo.com,Male,Ireland,Donnycarney,-6.218069,53.374266
559,Angie,Chevers,acheversfi@wufoo.com,Female,Ireland,Cobh,-8.298942,51.848898
560,Cosetta,Haddrill,chaddrillfj@cdc.gov,Female,Ireland,Leixlip,-6.4887534,53.3653866
561,Janey,Lancetter,jlancetterfk@uol.com.br,Female,Ireland,Castleknock,-9.0248232,53.2760162
562,Reinaldos,Lovat,rlovatfl@sina.com.cn,Male,Ireland,Clondalkin,-6.4496384,53.3582341
563,Sean,Huggard,shuggardfm@ezinearticles.com,Male,Ireland,Sallins,-6.6633404,53.2492381
564,Chandal,Mountain,cmountainfn@imgur.com,Female,Ireland,Donabate,-6.1544115,53.4855448
565,Reagen,Lafont,rlafontfo@desdev.cn,Male,Ireland,Castlebridge,-6.5853664,53.378253
566,Evvie,MacSorley,emacsorleyfp@furl.net,Female,Ireland,Rathdrum,-6.163027,53.2339841
567,Wally,Coxen,wcoxenfq@blinklist.com,Male,Ireland,Leixlip,-6.4887534,53.3653866
568,Vinny,Kibbee,vkibbeefr@census.gov,Male,Ireland,Tuam,-8.83565,53.49417
569,Jacintha,Spillane,jspillanefs@arizona.edu,Female,Ireland,Blessington,-8.5111664,51.8858819
570,Algernon,Nial,anialft@jalbum.net,Male,Ireland,Beaumont,-6.2057463,53.3870149
571,Brandon,Hebblethwaite,bhebblethwaitefu@sphinn.com,Male,Ireland,Kilkenny,-7.2584,52.655184
572,Iseabal,Sweetman,isweetmanfv@blogspot.com,Female,Ireland,Ballisodare,-8.5070436,54.2109904
573,Marni,Beaten,mbeatenfw@amazon.com,Female,Ireland,Dalkey,-6.1072403,53.2780047
574,Georgette,Proudlove,gproudlovefx@facebook.com,Female,Ireland,Manorhamilton,-8.1722002,54.3051891
575,Cordelia,Dronsfield,cdronsfieldfy@hubpages.com,Female,Ireland,Crossmolina,-6.473025,54.0086093
576,Arnie,Lawee,alaweefz@canalblog.com,Male,Ireland,Cluain Meala,-6.2611953,53.3881832
577,Mick,Craister,mcraisterg0@webs.com,Male,Ireland,Granard,-7.5011999,53.776647
578,Goran,Petticrew,gpetticrewg1@nps.gov,Male,Ireland,Arklow,-8.4523258,51.880525
579,Standford,Greenmon,sgreenmong2@canalblog.com,Non-binary,Ireland,Malahide,-6.1479779,53.450694
580,Coleen,Basham,cbashamg3@illinois.edu,Female,Ireland,Athlone,-7.9428197,53.4231032
581,Jerad,Coo,jcoog4@domainmarket.com,Male,Ireland,Tallaght,-6.3660863,53.2874153
582,Camile,Cicchelli,ccicchellig5@mit.edu,Female,Ireland,Sallins,-6.6633404,53.2492381
583,Kerry,Bozward,kbozwardg6@imdb.com,Genderqueer,Ireland,Carrigtwohill,-8.259128,51.908209
584,Adiana,Brettell,abrettellg7@cargocollective.com,Agender,Ireland,Kingscourt,-6.2755912,53.3500473
585,Edeline,Towll,etowllg8@alexa.com,Female,Ireland,Tower,-80.7087609,35.7797381
586,Rog,McGifford,rmcgiffordg9@shop-pro.jp,Male,Ireland,Old Kilcullen,-6.7449927,53.1310185
587,Madel,Hares,mharesga@abc.net.au,Female,Ireland,Glasnevin,-6.266734,53.3829319
588,Hagan,Maslin,hmaslingb@moonfruit.com,Male,Ireland,Kilkenny,-7.2584,52.655184
589,Adriana,Slixby,aslixbygc@sfgate.com,Female,Ireland,Killorglin,-9.7850991,52.1058991
590,Gerrie,Hundell,ghundellgd@newsvine.com,Male,Ireland,Drumcondra,-8.445614,51.8885086
591,Nathanael,Adel,nadelge@tinypic.com,Male,Ireland,Cork,-8.489012,51.923707
592,Friedrick,Casin,fcasingf@dailymotion.com,Bigender,Ireland,Killorglin,-9.7850991,52.1058991
593,Kaia,Anand,kanandgg@over-blog.com,Female,Ireland,Blarney,-8.8562835,53.510243
594,Nikoletta,Ailsbury,nailsburygh@mail.ru,Female,Ireland,Greystones,-6.0704904,53.1286984
595,Elyssa,Kensitt,ekensittgi@paginegialle.it,Female,Ireland,Nenagh,-8.2001004,52.86326
596,Bart,Goforth,bgoforthgj@google.co.jp,Male,Ireland,Greenhills,-6.336393,53.3122864
597,Pembroke,Sillwood,psillwoodgk@aol.com,Genderqueer,Ireland,Killorglin,-9.7850991,52.1058991
598,Amble,McCorley,amccorleygl@sina.com.cn,Male,Ireland,Tallaght,-6.3660863,53.2874153
599,Kipp,Barrick,kbarrickgm@ted.com,Male,Ireland,Ballivor,-6.1191333,53.1915379
600,Silvester,Everit,severitgn@marriott.com,Male,Ireland,Whitegate,-6.3539424,53.3666338
601,Sol,Plaide,splaidego@opera.com,Male,Ireland,Cill Airne,-6.2890702,53.3201497
602,Marjory,Cromett,mcromettgp@last.fm,Female,Ireland,Castleblayney,-6.64937,54.10269
603,Dill,Geoghegan,dgeoghegangq@rakuten.co.jp,Male,Ireland,Greenhills,-6.336393,53.3122864
604,Lorettalorna,Shorthill,lshorthillgr@sitemeter.com,Female,Ireland,Bagenalstown,-6.9692181,52.7009338
605,Mendie,Daubeny,mdaubenygs@adobe.com,Male,Ireland,Boyle,-8.2969737,53.9735591
606,Amanda,Cosley,acosleygt@pbs.org,Female,Ireland,Moville,-8.4242597,51.8910459
607,George,Pickvance,gpickvancegu@drupal.org,Male,Ireland,Bailieborough,-6.9711886,53.916791
608,Norrie,Matussow,nmatussowgv@w3.org,Female,Ireland,Shankill,-6.124065,53.231395
609,Rickie,Hubbocks,rhubbocksgw@nih.gov,Male,Ireland,Ballyjamesduff,-7.086877,53.8363325
610,Stacy,Beves,sbevesgx@ca.gov,Female,Ireland,Sandymount,-6.2152673,53.3323703
611,Sandye,Trenholm,strenholmgy@marketwatch.com,Female,Ireland,Trá Mhór,-9.0197835,53.2736466
612,Queenie,Kordes,qkordesgz@uiuc.edu,Female,Ireland,Ballylinan,-7.0472382,52.9480781
613,Adolphe,Pattison,apattisonh0@nifty.com,Male,Ireland,Kinsale,-6.251714,53.3169419
614,Benoit,Duffil,bduffilh1@dyndns.org,Male,Ireland,Tullamore,-7.518792,53.284466
615,Michaella,Lemm,mlemmh2@pagesperso-orange.fr,Female,Ireland,Boyle,-8.2969737,53.9735591
616,Kellen,Bissatt,kbissatth3@intel.com,Male,Ireland,Cavan,-7.297914,54.026345
617,Karine,Cruz,kcruzh4@answers.com,Female,Ireland,Longford,-7.8004329,53.7283566
618,Geno,Mardling,gmardlingh5@discuz.net,Male,Ireland,Longwood,-6.2892907,53.310122
619,Myrna,Cawsby,mcawsbyh6@utexas.edu,Female,Ireland,Whitegate,-6.3539424,53.3666338
620,Glen,Thonason,gthonasonh7@yahoo.co.jp,Male,Ireland,Newmarket on Fergus,-8.8950821,52.7604883
621,Christal,Staker,cstakerh8@1688.com,Female,Ireland,Foxrock,-6.1011147,53.2000455
622,Nanny,Bendley,nbendleyh9@wisc.edu,Female,Ireland,Coolock,-6.1920933,53.3916434
623,Ervin,Munehay,emunehayha@printfriendly.com,Male,Ireland,Templeogue,-6.3219759,53.2976886
624,Gael,Keywood,gkeywoodhb@pbs.org,Female,Ireland,Greystones,-6.0704904,53.1286984
625,Romy,Goane,rgoanehc@wix.com,Female,Ireland,Monkstown,-8.9775014,52.8314927
626,Rozamond,Eversley,reversleyhd@youtube.com,Female,Ireland,Charlesland,-6.0690645,53.1257486
627,Willey,Wycherley,wwycherleyhe@devhub.com,Male,Ireland,Killumney,-8.6340751,52.6638144
628,Leicester,Biss,lbisshf@wiley.com,Male,Ireland,Birr,-7.9139891,53.0949398
629,Phyllida,Potapczuk,ppotapczukhg@hubpages.com,Polygender,Ireland,Claremorris,-8.334953,51.8610022
630,Tuesday,Reilinger,treilingerhh@fema.gov,Female,Ireland,Monkstown,-8.9775014,52.8314927
631,Perry,Tombleson,ptomblesonhi@ameblo.jp,Female,Ireland,Charlesland,-6.0690645,53.1257486
632,Jaine,Ivashintsov,jivashintsovhj@reuters.com,Female,Ireland,Cill Airne,-6.2890702,53.3201497
633,Prescott,Kingaby,pkingabyhk@nhs.uk,Polygender,Ireland,Greenhills,-6.336393,53.3122864
634,Tremayne,Oselton,toseltonhl@reddit.com,Male,Ireland,Granard,-7.5011999,53.776647
635,Tammie,Haddacks,thaddackshm@mac.com,Male,Ireland,Blessington,-8.5111664,51.8858819
636,Lucy,Advani,ladvanihn@merriam-webster.com,Female,Ireland,Enniskerry,-8.9821467,52.8498651
637,Nicol,Baruch,nbaruchho@feedburner.com,Male,Ireland,Bearna,-6.2340942,53.2993199
638,Deck,Ostick,dostickhp@mashable.com,Male,Ireland,Monkstown,-8.9775014,52.8314927
639,Karry,Cholwell,kcholwellhq@blogtalkradio.com,Female,Ireland,Portumna,-8.2215941,53.0917381
640,Rudolph,Wylder,rwylderhr@sina.com.cn,Male,Ireland,Blarney,-8.8562835,53.510243
641,Emilia,Nutten,enuttenhs@seesaa.net,Genderfluid,Ireland,Malahide,-6.1479779,53.450694
642,Kerwinn,Camel,kcamelht@hc360.com,Male,Ireland,Cashel,-7.888894,52.516323
643,Amabelle,Ragat,aragathu@cargocollective.com,Female,Ireland,Gweedore,-9.0288689,53.2737147
644,Yorker,Piche,ypichehv@netscape.com,Male,Ireland,Oughterard,-6.1406578,53.2886387
645,Paolina,Mc Curlye,pmccurlyehw@symantec.com,Female,Ireland,Clifden,-10.022186,53.488087
646,Marne,Snowman,msnowmanhx@illinois.edu,Female,Ireland,Kill,-6.5924609,53.2482376
647,Juli,Montes,jmonteshy@blinklist.com,Female,Ireland,Ballisodare,-8.5070436,54.2109904
648,Barth,McCroft,bmccrofthz@facebook.com,Male,Ireland,Macroom,-8.958931,51.904635
649,Shandie,Toffler,stoffleri0@prweb.com,Non-binary,Ireland,Rathnew,-6.374155,53.3223974
650,Berk,Guilloton,bguillotoni1@hc360.com,Bigender,Ireland,Cill Airne,-6.2890702,53.3201497
651,Bailie,Cluitt,bcluitti2@yellowpages.com,Male,Ireland,Aghada,-8.4627451,54.25645
652,Arch,Dymoke,adymokei3@utexas.edu,Male,Ireland,Drumcondra,-8.445614,51.8885086
653,Auria,Antonich,aantonichi4@digg.com,Female,Ireland,Drumcondra,-8.445614,51.8885086
654,Jacynth,Blunt,jblunti5@1und1.de,Female,Ireland,Leixlip,-6.4887534,53.3653866
655,Marabel,Smardon,msmardoni6@redcross.org,Genderfluid,Ireland,Muff,-7.269174,55.0650892
656,Donall,Ghidotti,dghidottii7@china.com.cn,Male,Ireland,Annacotty,-8.5369154,52.6681994
657,Hyacinthia,Dullingham,hdullinghami8@cdc.gov,Female,Ireland,Lucan,-9.4904891,52.6396679
658,Melisent,Henryson,mhenrysoni9@cbslocal.com,Female,Ireland,Longwood,-6.2892907,53.310122
659,Mitchael,Livermore,mlivermoreia@gnu.org,Male,Ireland,Annacotty,-8.5369154,52.6681994
660,Sondra,Farrall,sfarrallib@purevolume.com,Female,Ireland,Belmullet,-10.0320886,54.2223118
661,Zechariah,Bragger,zbraggeric@cnet.com,Male,Ireland,Foxrock,-6.1011147,53.2000455
662,Raviv,Fatkin,rfatkinid@weebly.com,Male,Ireland,Ardee,-8.4784945,51.8815586
663,Alaric,Polk,apolkie@opera.com,Male,Ireland,Donegal,-8.5946591,54.632283
664,Jed,Mateu,jmateuif@state.gov,Male,Ireland,Beaumont,-6.2057463,53.3870149
665,Orrin,Vawton,ovawtonig@bloglines.com,Genderfluid,Ireland,Nenagh,-8.2001004,52.86326
666,Jess,Ogles,joglesih@joomla.org,Male,Ireland,Castlerea,-8.6346959,53.7423435
667,Beryl,Churn,bchurnii@icio.us,Female,Ireland,Kilkenny,-7.2584,52.655184
668,Martica,Kerwick,mkerwickij@hud.gov,Female,Ireland,Bailieborough,-6.9711886,53.916791
669,Waly,Coulter,wcoulterik@jigsy.com,Female,Ireland,Clonskeagh,-6.2387374,53.3141205
670,Anstice,Leaves,aleavesil@weather.com,Female,Ireland,Edgeworthstown,-7.606287,53.6972399
671,Iggie,Blaik,iblaikim@census.gov,Male,Ireland,Ardee,-8.4784945,51.8815586
672,Chevy,Desbrow,cdesbrowin@redcross.org,Male,Ireland,Lusk,-6.1535181,53.5220275
673,Karleen,Woonton,kwoontonio@i2i.jp,Female,Ireland,Swords,-6.2071246,53.4562426
674,Kiley,Loeber,kloeberip@weebly.com,Male,Ireland,Dundrum,-6.2508196,53.2866372
675,Erskine,Road,eroadiq@berkeley.edu,Male,Ireland,Kilmacanoge,-6.139018,53.171935
676,Chan,Robbeke,crobbekeir@nih.gov,Male,Ireland,Raheny,-6.1820563,53.3786861
677,Joachim,Boxill,jboxillis@imdb.com,Male,Ireland,Gweedore,-9.0288689,53.2737147
678,Sayers,Jakubski,sjakubskiit@thetimes.co.uk,Male,Ireland,Bantry,-9.448724,51.680591
679,Corabella,Mochan,cmochaniu@pcworld.com,Female,Ireland,Kill,-6.5924609,53.2482376
680,Verile,Cain,vcainiv@vistaprint.com,Female,Ireland,Donnybrook,-6.2324705,53.3177535
681,Hatty,Banford,hbanfordiw@theglobeandmail.com,Non-binary,Ireland,Dún Laoghaire,-6.133718,53.291512
682,Rolf,McGrudder,rmcgrudderix@vistaprint.com,Male,Ireland,Crossmolina,-6.473025,54.0086093
683,Hasheem,Crutchfield,hcrutchfieldiy@blogspot.com,Male,Ireland,Dundrum,-6.2508196,53.2866372
684,Callie,Gheeraert,cgheeraertiz@so-net.ne.jp,Female,Ireland,Tuam,-8.83565,53.49417
685,Regen,Cejka,rcejkaj0@craigslist.org,Male,Ireland,Edgeworthstown,-7.606287,53.6972399
686,Cristionna,Nehl,cnehlj1@histats.com,Female,Ireland,Ballinroad,-7.5717688,52.1045472
687,Torie,Owtram,towtramj2@etsy.com,Female,Ireland,Trá Mhór,-9.0197835,53.2736466
688,Lorin,Legging,lleggingj3@taobao.com,Male,Ireland,Donabate,-6.1544115,53.4855448
689,Delinda,Lope,dlopej4@techcrunch.com,Female,Ireland,Swinford,-8.9480659,53.940892
690,Josepha,Keary,jkearyj5@newyorker.com,Female,Ireland,Bailieborough,-6.9711886,53.916791
691,Rafe,Keane,rkeanej6@github.com,Male,Ireland,Donegal,-8.5946591,54.632283
692,Alan,Eckley,aeckleyj7@arstechnica.com,Male,Ireland,Cherryville,-7.1111732,52.2513095
693,Margo,Van Leeuwen,mvanleeuwenj8@cmu.edu,Female,Ireland,Sallins,-6.6633404,53.2492381
694,Carney,Gantz,cgantzj9@indiegogo.com,Male,Ireland,Ferbane,-8.4824714,51.8862378
695,Meade,Collcott,mcollcottja@youtube.com,Female,Ireland,Donabate,-6.1544115,53.4855448
696,Trude,Mocher,tmocherjb@paginegialle.it,Polygender,Ireland,Trá Mhór,-9.0197835,53.2736466
697,Dall,Pilley,dpilleyjc@dedecms.com,Male,Ireland,Mullagh,-8.4977746,51.8895954
698,Vincenty,Earwaker,vearwakerjd@examiner.com,Male,Ireland,Skerries,-6.1349155,53.5834008
699,Darleen,Cabrara,dcabraraje@sciencedirect.com,Female,Ireland,Ashford,-6.3828795,53.385304
700,Luz,Rubenov,lrubenovjf@seattletimes.com,Female,Ireland,Tower,-80.7087609,35.7797381
701,Oriana,Keep,okeepjg@msn.com,Female,Ireland,Gorey,-6.308522,52.665267
702,Carma,Faro,cfarojh@independent.co.uk,Female,Ireland,Cill Airne,-6.2890702,53.3201497
703,Odie,Prigmore,oprigmoreji@cornell.edu,Male,Ireland,Ballivor,-6.1191333,53.1915379
704,Casar,Bordis,cbordisjj@smugmug.com,Male,Ireland,Bearna,-6.2340942,53.2993199
705,Burgess,Henighan,bhenighanjk@storify.com,Male,Ireland,Castlebridge,-6.5853664,53.378253
706,Oralee,Sowrah,osowrahjl@elpais.com,Female,Ireland,Dungarvan,-6.1822287,53.3788495
707,Herschel,Garett,hgarettjm@shutterfly.com,Male,Ireland,Sallins,-6.6633404,53.2492381
708,Eloisa,Blanchflower,eblanchflowerjn@macromedia.com,Female,Ireland,Newmarket on Fergus,-8.8950821,52.7604883
709,Guthrie,Pethybridge,gpethybridgejo@tinyurl.com,Male,Ireland,Midleton,-8.1722173,51.9138694
710,Nefen,Gilson,ngilsonjp@squidoo.com,Male,Ireland,Donabate,-6.1544115,53.4855448
711,Ryley,Walisiak,rwalisiakjq@nymag.com,Male,Ireland,Ashbourne,-6.1215213,53.2724538
712,Kissie,Biggar,kbiggarjr@hubpages.com,Female,Ireland,Donabate,-6.1544115,53.4855448
713,Alisander,Pina,apinajs@163.com,Male,Ireland,Thomastown,-6.7434401,53.2229873
714,Amalle,Crossby,acrossbyjt@hugedomains.com,Female,Ireland,Old Kilcullen,-6.7449927,53.1310185
715,Ignacius,Harburtson,iharburtsonju@umich.edu,Male,Ireland,Ballisodare,-8.5070436,54.2109904
716,Cordell,Muscroft,cmuscroftjv@xing.com,Male,Ireland,Clones,-7.2314132,54.1794814
717,Shaun,Jindracek,sjindracekjw@goo.gl,Male,Ireland,Dalkey,-6.1072403,53.2780047
718,Bekki,Boulton,bboultonjx@mashable.com,Female,Ireland,Ballybofey,-7.74208,54.70972
719,Mela,Halden,mhaldenjy@techcrunch.com,Female,Ireland,Charlesland,-6.0690645,53.1257486
720,Leese,Haythorn,lhaythornjz@scientificamerican.com,Female,Ireland,Whitegate,-6.3539424,53.3666338
721,Friedrick,Llewelly,fllewellyk0@auda.org.au,Male,Ireland,Kingscourt,-6.2755912,53.3500473
722,Humberto,McMurraya,hmcmurrayak1@jimdo.com,Male,Ireland,Dungarvan,-6.1822287,53.3788495
723,Michelina,Langeren,mlangerenk2@walmart.com,Female,Ireland,Blarney,-8.8562835,53.510243
724,Zea,Grummitt,zgrummittk3@biglobe.ne.jp,Female,Ireland,Ashford,-6.3828795,53.385304
725,Joscelin,Dingivan,jdingivank4@dmoz.org,Polygender,Ireland,Bailieborough,-6.9711886,53.916791
726,Kayle,Lusk,kluskk5@jiathis.com,Female,Ireland,Fairview,-6.4202878,54.0026343
727,Manon,Rosetti,mrosettik6@nbcnews.com,Female,Ireland,Bantry,-9.448724,51.680591
728,Frederique,Kestell,fkestellk7@salon.com,Female,Ireland,Raphoe,-8.2755058,52.2627273
729,Jaymie,Stegell,jstegellk8@mozilla.org,Male,Ireland,Kilkenny,-7.2584,52.655184
730,Omero,Cockran,ocockrank9@aol.com,Male,Ireland,Newmarket on Fergus,-8.8950821,52.7604883
731,Florrie,Boshier,fboshierka@yahoo.co.jp,Female,Ireland,Portarlington,-7.185387,53.158984
732,Seward,Piddick,spiddickkb@w3.org,Male,Ireland,Clifden,-10.022186,53.488087
733,Lexis,Wynrahame,lwynrahamekc@bing.com,Female,Ireland,Kildare,-6.9140788,53.169971
734,Codee,Greaterex,cgreaterexkd@e-recht24.de,Female,Ireland,Dublin,-6.2427004,53.3347733
735,Alverta,Methley,amethleyke@marriott.com,Female,Ireland,Cashel,-7.888894,52.516323
736,Sarah,Peregrine,speregrinekf@omniture.com,Female,Ireland,Ballivor,-6.1191333,53.1915379
737,Camile,Denford,cdenfordkg@cornell.edu,Female,Ireland,Leixlip,-6.4887534,53.3653866
738,Giraud,Hollows,ghollowskh@forbes.com,Polygender,Ireland,Ballinroad,-7.5717688,52.1045472
739,Farlie,Baddeley,fbaddeleyki@friendfeed.com,Male,Ireland,Crumlin,-6.3048641,53.3284298
740,Elsinore,Snyder,esnyderkj@msn.com,Female,Ireland,Raphoe,-8.2755058,52.2627273
741,Ellen,Christon,echristonkk@macromedia.com,Non-binary,Ireland,Clifden,-10.022186,53.488087
742,Brod,Lindsley,blindsleykl@timesonline.co.uk,Male,Ireland,Skibbereen,-9.268589,51.549106
743,Lanie,Wheelband,lwheelbandkm@harvard.edu,Male,Ireland,Fermoy,-9.5003786,52.4458588
744,Cherilyn,Heinig,cheinigkn@salon.com,Female,Ireland,Swinford,-8.9480659,53.940892
745,Glenden,Kierans,gkieransko@walmart.com,Male,Ireland,Ardee,-8.4784945,51.8815586
746,Guglielma,Grasser,ggrasserkp@vimeo.com,Agender,Ireland,Ballisodare,-8.5070436,54.2109904
747,Flor,Riddeough,friddeoughkq@netscape.com,Female,Ireland,Virginia,-6.2633149,53.377533
748,Heida,Moine,hmoinekr@army.mil,Female,Ireland,Old Kilcullen,-6.7449927,53.1310185
749,Pennie,Degenhardt,pdegenhardtks@indiegogo.com,Male,Ireland,Cobh,-8.298942,51.848898
750,Ced,Lumpkin,clumpkinkt@seattletimes.com,Male,Ireland,Adare,-6.176659,53.4487975
751,Padriac,McGucken,pmcguckenku@elegantthemes.com,Male,Ireland,Ballymun,-6.264963,53.3897152
752,Garrik,Carriage,gcarriagekv@arizona.edu,Male,Ireland,Clifden,-10.022186,53.488087
753,Rosella,Plunket,rplunketkw@google.es,Genderqueer,Ireland,Watergrasshill,-8.337871,52.0097259
754,Emmalyn,Celiz,ecelizkx@si.edu,Genderqueer,Ireland,Balrothery,-6.1884248,53.5879156
755,Saxon,Abbatt,sabbattky@prlog.org,Male,Ireland,Ballyboden,-6.3049392,53.3021194
756,Gilburt,Cudworth,gcudworthkz@google.fr,Male,Ireland,Farranacoush,-8.5171384,51.876873
757,Priscilla,Bointon,pbointonl0@ow.ly,Female,Ireland,Kilkenny,-7.2584,52.655184
758,Michel,Hyne,mhynel1@canalblog.com,Polygender,Ireland,Belmullet,-10.0320886,54.2223118
759,Carmencita,Thoms,cthomsl2@japanpost.jp,Female,Ireland,Crossmolina,-6.473025,54.0086093
760,Cyndie,Bullcock,cbullcockl3@ucoz.ru,Female,Ireland,Midleton,-8.1722173,51.9138694
761,Kellby,Klimaszewski,kklimaszewskil4@amazon.com,Male,Ireland,Milltown,-7.9027266,53.4148582
762,Laural,Skeates,lskeatesl5@vimeo.com,Female,Ireland,Naas,-6.67045,53.213319
763,Jarrid,Pinsent,jpinsentl6@nyu.edu,Male,Ireland,Ballina,-9.151825,54.11215
764,Florette,Skidmore,fskidmorel7@oracle.com,Female,Ireland,Rathwire,-7.145971,53.508326
765,Elvina,Glendining,eglendiningl8@sakura.ne.jp,Female,Ireland,Rathdrum,-6.163027,53.2339841
766,Pip,De Miranda,pdemirandal9@indiegogo.com,Bigender,Ireland,Moate,-6.1942058,53.3604483
767,Gerrie,Barbrook,gbarbrookla@blinklist.com,Female,Ireland,Skibbereen,-9.268589,51.549106
768,Daffi,Cameron,dcameronlb@edublogs.org,Female,Ireland,Cork,-8.489012,51.923707
769,Cherin,Brothwood,cbrothwoodlc@hostgator.com,Female,Ireland,Drumcondra,-8.445614,51.8885086
770,Charley,Ricca,criccald@acquirethisname.com,Male,Ireland,Kill,-6.5924609,53.2482376
771,Salomo,McGinlay,smcginlayle@csmonitor.com,Male,Ireland,Birr,-7.9139891,53.0949398
772,Stafani,Hourahan,shourahanlf@ocn.ne.jp,Bigender,Ireland,Tallaght,-6.3660863,53.2874153
773,Dominik,Verrills,dverrillslg@about.me,Male,Ireland,Monasterevin,-7.0625888,53.1387595
774,Omar,Hunt,ohuntlh@go.com,Genderfluid,Ireland,Sandymount,-6.2152673,53.3323703
775,Jorie,Brisland,jbrislandli@t-online.de,Female,Ireland,Bantry,-9.448724,51.680591
776,Shanda,Beardshaw,sbeardshawlj@cocolog-nifty.com,Female,Ireland,Cobh,-8.298942,51.848898
777,Rodolphe,Cuddy,rcuddylk@booking.com,Male,Ireland,Ballyboden,-6.3049392,53.3021194
778,Bernard,Cheyney,bcheyneyll@washingtonpost.com,Male,Ireland,Rathdrum,-6.163027,53.2339841
779,Eva,St Angel,estangellm@fotki.com,Female,Ireland,Portarlington,-7.185387,53.158984
780,Hester,Needs,hneedsln@yolasite.com,Polygender,Ireland,Athlone,-7.9428197,53.4231032
781,Paolina,McKinie,pmckinielo@dropbox.com,Female,Ireland,Monasterevin,-7.0625888,53.1387595
782,Jereme,Crimin,jcriminlp@people.com.cn,Male,Ireland,Lusk,-6.1535181,53.5220275
783,Essie,Gilbart,egilbartlq@jugem.jp,Female,Ireland,Crossmolina,-6.473025,54.0086093
784,Tilly,Geany,tgeanylr@ibm.com,Female,Ireland,Bantry,-9.448724,51.680591
785,Marlyn,Hinemoor,mhinemoorls@thetimes.co.uk,Bigender,Ireland,Ballyhaunis,-8.7683674,53.7942932
786,Demetria,Danilovitch,ddanilovitchlt@quantcast.com,Female,Ireland,Dunleer,-8.5176583,51.8863277
787,Itch,Juan,ijuanlu@soup.io,Male,Ireland,Macroom,-8.958931,51.904635
788,Hermie,Bunclark,hbunclarklv@bloglovin.com,Male,Ireland,Dunlewy,-6.1157412,53.2774963
789,Aldous,Crumb,acrumblw@pbs.org,Male,Ireland,Boyle,-8.2969737,53.9735591
790,Ibby,Mark,imarklx@uiuc.edu,Female,Ireland,Cill Airne,-6.2890702,53.3201497
791,Efren,Addams,eaddamsly@barnesandnoble.com,Male,Ireland,Cork,-8.489012,51.923707
792,Boy,Tonepohl,btonepohllz@netlog.com,Male,Ireland,Bundoran,-8.2817353,54.4771768
793,Jemmy,Harragin,jharraginm0@1und1.de,Female,Ireland,Ballymahon,-7.7655701,53.5650926
794,Borg,Christophle,bchristophlem1@miibeian.gov.cn,Male,Ireland,Tallaght,-6.3660863,53.2874153
795,Hoebart,Hatherill,hhatherillm2@elegantthemes.com,Male,Ireland,Farranacoush,-8.5171384,51.876873
796,Robinet,Leonard,rleonardm3@tmall.com,Male,Ireland,Cill Airne,-6.2890702,53.3201497
797,Elberta,Smalridge,esmalridgem4@ning.com,Female,Ireland,Ballyboden,-6.3049392,53.3021194
798,Trip,Reef,treefm5@cmu.edu,Male,Ireland,Athy,-6.9858993,53.0018699
799,Blaine,Speak,bspeakm6@ca.gov,Male,Ireland,Loughrea,-6.3506335,53.2911347
800,Far,Tyas,ftyasm7@uiuc.edu,Male,Ireland,Stradbally,-8.5054897,52.7107501
801,Irita,Broek,ibroekm8@washington.edu,Female,Ireland,Cashel,-7.888894,52.516323
802,Karlee,Brands,kbrandsm9@berkeley.edu,Female,Ireland,Piltown,-6.3025448,53.6920618
803,Lodovico,Lidgerton,llidgertonma@unesco.org,Male,Ireland,Whitegate,-6.3539424,53.3666338
804,Avrom,Hackworthy,ahackworthymb@webnode.com,Male,Ireland,Leixlip,-6.4887534,53.3653866
805,Emanuele,McGinly,emcginlymc@naver.com,Male,Ireland,Crumlin,-6.3048641,53.3284298
806,Deidre,Plante,dplantemd@virginia.edu,Female,Ireland,Castleblayney,-6.64937,54.10269
807,Tine,Biddwell,tbiddwellme@howstuffworks.com,Female,Ireland,Milltown,-7.9027266,53.4148582
808,Ario,Girdler,agirdlermf@naver.com,Male,Ireland,Donegal,-8.5946591,54.632283
809,Herb,Bonnette,hbonnettemg@usnews.com,Male,Ireland,Drumcondra,-8.445614,51.8885086
810,Tine,Hambly,thamblymh@marketwatch.com,Female,Ireland,Malahide,-6.1479779,53.450694
811,Thedrick,Van den Broek,tvandenbroekmi@ucla.edu,Male,Ireland,Belmullet,-10.0320886,54.2223118
812,Ingar,Serotsky,iserotskymj@economist.com,Male,Ireland,Balrothery,-6.1884248,53.5879156
813,Gottfried,Deaville,gdeavillemk@google.com.au,Male,Ireland,Balally,-6.5899765,52.176031
814,Elicia,Buckwell,ebuckwellml@baidu.com,Female,Ireland,Longford,-7.8004329,53.7283566
815,Bartie,Bawden,bbawdenmm@reverbnation.com,Male,Ireland,Charlesland,-6.0690645,53.1257486
816,Errick,Streetley,estreetleymn@intel.com,Male,Ireland,Naas,-6.67045,53.213319
817,Marie,Shaylor,mshaylormo@t.co,Female,Ireland,Cavan,-7.297914,54.026345
818,Marketa,Giffaut,mgiffautmp@google.nl,Female,Ireland,Kiltamagh,-8.9949917,53.8533151
819,Candy,O'Breen,cobreenmq@weather.com,Female,Ireland,Sandymount,-6.2152673,53.3323703
820,Stillmann,Basilotta,sbasilottamr@de.vu,Male,Ireland,Cabinteely,-6.1603828,53.2599034
821,Jeffy,Hrishanok,jhrishanokms@sbwire.com,Male,Ireland,Castlerea,-8.6346959,53.7423435
822,Max,MacCrossan,mmaccrossanmt@time.com,Female,Ireland,Castleknock,-9.0248232,53.2760162
823,Alexis,Trodden,atroddenmu@e-recht24.de,Female,Ireland,Shankill,-6.124065,53.231395
824,Elfie,Pinnock,epinnockmv@google.co.uk,Female,Ireland,Fairview,-6.4202878,54.0026343
825,Violante,Gregorowicz,vgregorowiczmw@eepurl.com,Female,Ireland,Kinlough,-6.1136478,53.2121335
826,Wernher,Oseland,woselandmx@prnewswire.com,Non-binary,Ireland,Castleknock,-9.0248232,53.2760162
827,Adele,Vinecombe,avinecombemy@yale.edu,Non-binary,Ireland,Moate,-6.1942058,53.3604483
828,Ethelda,Battaille,ebattaillemz@linkedin.com,Female,Ireland,Arklow,-8.4523258,51.880525
829,Danna,Hovie,dhovien0@wordpress.org,Female,Ireland,Sandyford,-6.3422325,53.719155
830,Clementius,Heyward,cheywardn1@state.tx.us,Male,Ireland,Raphoe,-8.2755058,52.2627273
831,Lucila,Fforde,lfforden2@nbcnews.com,Genderqueer,Ireland,Tullamore,-7.518792,53.284466
832,Dallas,MacAughtrie,dmacaughtrien3@youtube.com,Male,Ireland,Ardee,-8.4784945,51.8815586
833,Grannie,McNeigh,gmcneighn4@yolasite.com,Male,Ireland,Birr,-7.9139891,53.0949398
834,Jesselyn,Giabuzzi,jgiabuzzin5@ihg.com,Female,Ireland,Sallins,-6.6633404,53.2492381
835,Ambrosius,Penney,apenneyn6@google.pl,Male,Ireland,Ballina,-9.151825,54.11215
836,Clarke,Shipway,cshipwayn7@wikimedia.org,Male,Ireland,Ballymahon,-7.7655701,53.5650926
837,Aylmar,Marran,amarrann8@toplist.cz,Male,Ireland,Templeogue,-6.3219759,53.2976886
838,Janenna,Mandre,jmandren9@yahoo.com,Female,Ireland,Killumney,-8.6340751,52.6638144
839,Kathye,Nelhams,knelhamsna@businessweek.com,Female,Ireland,Castleknock,-9.0248232,53.2760162
840,Jacquenetta,Lamberts,jlambertsnb@gnu.org,Female,Ireland,Ballyhaunis,-8.7683674,53.7942932
841,Rooney,Dewbury,rdewburync@hostgator.com,Male,Ireland,Tullamore,-7.518792,53.284466
842,Deloris,Mainstone,dmainstonend@jigsy.com,Female,Ireland,Muff,-7.269174,55.0650892
843,Lindsy,Greggs,lgreggsne@networkadvertising.org,Female,Ireland,Dunlewy,-6.1157412,53.2774963
844,Cyrillus,Kniveton,cknivetonnf@nydailynews.com,Male,Ireland,Dungarvan,-6.1822287,53.3788495
845,Borg,Rushe,brusheng@nih.gov,Genderqueer,Ireland,Dún Laoghaire,-6.133718,53.291512
846,Charley,Dearnaly,cdearnalynh@nsw.gov.au,Bigender,Ireland,Ballylinan,-7.0472382,52.9480781
847,Peggi,Marsay,pmarsayni@miitbeian.gov.cn,Female,Ireland,Ballivor,-6.1191333,53.1915379
848,Eliza,Beeden,ebeedennj@about.me,Female,Ireland,Raphoe,-8.2755058,52.2627273
849,Hasheem,Sayes,hsayesnk@dailymotion.com,Male,Ireland,Greenhills,-6.336393,53.3122864
850,Mercie,Gammidge,mgammidgenl@cpanel.net,Female,Ireland,Moate,-6.1942058,53.3604483
851,Jessalin,Heitz,jheitznm@odnoklassniki.ru,Female,Ireland,Greystones,-6.0704904,53.1286984
852,Leon,Patient,lpatientnn@angelfire.com,Male,Ireland,Crossmolina,-6.473025,54.0086093
853,Latia,MacCleay,lmaccleayno@phoca.cz,Female,Ireland,Ratoath,-6.4671298,53.5050031
854,Gunar,Goosey,ggooseynp@aol.com,Male,Ireland,Ballylinan,-7.0472382,52.9480781
855,Celine,Breslau,cbreslaunq@mayoclinic.com,Female,Ireland,Ballybofey,-7.74208,54.70972
856,Tori,Kirsop,tkirsopnr@columbia.edu,Polygender,Ireland,Ballinroad,-7.5717688,52.1045472
857,Jens,Horsell,jhorsellns@amazon.co.jp,Male,Ireland,Sutton,-6.1097188,53.3895926
858,Pamela,Szachniewicz,pszachniewicznt@nhs.uk,Female,Ireland,Enniskerry,-8.9821467,52.8498651
859,Poppy,Lafond,plafondnu@mediafire.com,Female,Ireland,Ballinroad,-7.5717688,52.1045472
860,Sheryl,Stango,sstangonv@t.co,Female,Ireland,Annacotty,-8.5369154,52.6681994
861,Roanne,Gasticke,rgastickenw@auda.org.au,Female,Ireland,Dún Laoghaire,-6.133718,53.291512
862,Reyna,Menci,rmencinx@baidu.com,Female,Ireland,Cork,-8.489012,51.923707
863,Magnum,Chidgey,mchidgeyny@google.de,Male,Ireland,Portumna,-8.2215941,53.0917381
864,Dell,Lippi,dlippinz@mail.ru,Male,Ireland,Cork,-8.489012,51.923707
865,Dominick,Mation,dmationo0@weather.com,Male,Ireland,Kilkenny,-7.2584,52.655184
866,Doralynne,Halpin,dhalpino1@comcast.net,Female,Ireland,Ballinroad,-7.5717688,52.1045472
867,Willey,Troubridge,wtroubridgeo2@ezinearticles.com,Male,Ireland,Castlebellingham,-6.391149,53.8996586
868,Philip,Float,pfloato3@fda.gov,Male,Ireland,Crossmolina,-6.473025,54.0086093
869,Gaston,Salzburg,gsalzburgo4@deliciousdays.com,Male,Ireland,Mullagh,-8.4977746,51.8895954
870,Avril,Manueli,amanuelio5@altervista.org,Female,Ireland,Charlesland,-6.0690645,53.1257486
871,Jerrie,Masterton,jmastertono6@zimbio.com,Male,Ireland,Cashel,-7.888894,52.516323
872,Murdock,Luesley,mluesleyo7@uol.com.br,Male,Ireland,Dromiskin,-6.4008792,53.9215606
873,Pia,Ambrogioni,pambrogionio8@cargocollective.com,Female,Ireland,Eadestown,-6.590926,53.1936864
874,Jakie,Soltan,jsoltano9@si.edu,Male,Ireland,Midleton,-8.1722173,51.9138694
875,Mora,Fausset,mfaussetoa@cam.ac.uk,Female,Ireland,Bagenalstown,-6.9692181,52.7009338
876,Vivyanne,Cail,vcailob@wp.com,Female,Ireland,Portumna,-8.2215941,53.0917381
877,Walther,Southcombe,wsouthcombeoc@mozilla.com,Male,Ireland,Clondalkin,-6.4496384,53.3582341
878,Charleen,McGuinness,cmcguinnessod@europa.eu,Female,Ireland,Enniskerry,-8.9821467,52.8498651
879,Frasco,Ellingworth,fellingworthoe@issuu.com,Male,Ireland,Clondalkin,-6.4496384,53.3582341
880,Seline,Bonar,sbonarof@marriott.com,Genderfluid,Ireland,Dalkey,-6.1072403,53.2780047
881,Rubia,Shewan,rshewanog@sphinn.com,Female,Ireland,Claremorris,-8.334953,51.8610022
882,Sybil,Karpets,skarpetsoh@51.la,Female,Ireland,Sandyford,-6.3422325,53.719155
883,Cris,Wimsett,cwimsettoi@macromedia.com,Male,Ireland,Listowel,-9.4851741,52.4460804
884,Ardys,Blamire,ablamireoj@acquirethisname.com,Female,Ireland,Thomastown,-6.7434401,53.2229873
885,Karine,Snel,ksnelok@hubpages.com,Female,Ireland,Moycullen,-9.159604,53.302644
886,Murdoch,Roblou,mroblouol@reuters.com,Male,Ireland,Fairview,-6.4202878,54.0026343
887,Aldric,Joscelyn,ajoscelynom@indiatimes.com,Polygender,Ireland,Belmullet,-10.0320886,54.2223118
888,Barnabe,Kincla,bkinclaon@msn.com,Male,Ireland,Castleknock,-9.0248232,53.2760162
889,Christy,Handforth,chandforthoo@nhs.uk,Female,Ireland,Dalkey,-6.1072403,53.2780047
890,Ilise,Alennikov,ialennikovop@house.gov,Female,Ireland,Foxrock,-6.1011147,53.2000455
891,Carlin,Rosario,crosariooq@discovery.com,Male,Ireland,Dundrum,-6.2508196,53.2866372
892,Wynnie,Frye,wfryeor@nasa.gov,Female,Ireland,Carrigtwohill,-8.259128,51.908209
893,Linc,Coolson,lcoolsonos@scribd.com,Male,Ireland,Cill Airne,-6.2890702,53.3201497
894,Nollie,Puckinghorne,npuckinghorneot@mlb.com,Male,Ireland,Athy,-6.9858993,53.0018699
895,Clifford,Barringer,cbarringerou@wix.com,Male,Ireland,Listowel,-9.4851741,52.4460804
896,Ardene,Kingsley,akingsleyov@flavors.me,Female,Ireland,Bagenalstown,-6.9692181,52.7009338
897,Josephine,Tutt,jtuttow@who.int,Female,Ireland,Manorhamilton,-8.1722002,54.3051891
898,Melesa,Boulsher,mboulsherox@ftc.gov,Female,Ireland,Castlerea,-8.6346959,53.7423435
899,Nelle,Shufflebotham,nshufflebothamoy@mozilla.com,Female,Ireland,Castlerea,-8.6346959,53.7423435
900,Felicio,Hallbord,fhallbordoz@thetimes.co.uk,Male,Ireland,Muff,-7.269174,55.0650892
901,Goober,Caughtry,gcaughtryp0@va.gov,Male,Ireland,Sandyford,-6.3422325,53.719155
902,Alika,Blagbrough,ablagbroughp1@nifty.com,Female,Ireland,Cobh,-8.298942,51.848898
903,Dalston,Bearfoot,dbearfootp2@walmart.com,Male,Ireland,Dunlewy,-6.1157412,53.2774963
904,Tony,Ambrogioli,tambrogiolip3@chicagotribune.com,Female,Ireland,Castlebellingham,-6.391149,53.8996586
905,Harwilll,Gravells,hgravellsp4@ihg.com,Male,Ireland,Kinsealy-Drinan,-6.1644997,53.4266145
906,Ronny,Attow,rattowp5@gravatar.com,Female,Ireland,Belmullet,-10.0320886,54.2223118
907,Jere,Cisco,jciscop6@jimdo.com,Male,Ireland,Aghada,-8.4627451,54.25645
908,Claire,Medford,cmedfordp7@bbb.org,Female,Ireland,Dún Laoghaire,-6.133718,53.291512
909,Kimbell,Gaitskell,kgaitskellp8@free.fr,Bigender,Ireland,Booterstown,-6.1979853,53.3046353
910,Brigitta,Haston,bhastonp9@ibm.com,Female,Ireland,Ashford,-6.3828795,53.385304
911,Dalis,O'Kerin,dokerinpa@unblog.fr,Male,Ireland,Raphoe,-8.2755058,52.2627273
912,Franz,Moult,fmoultpb@google.nl,Male,Ireland,Castlebridge,-6.5853664,53.378253
913,Andriana,Villaret,avillaretpc@sphinn.com,Female,Ireland,Kinsale,-6.251714,53.3169419
914,Ethelyn,Carnegy,ecarnegypd@ifeng.com,Non-binary,Ireland,Gweedore,-9.0288689,53.2737147
915,Trevar,Doldon,tdoldonpe@narod.ru,Male,Ireland,Milltown,-7.9027266,53.4148582
916,Malanie,Brewer,mbrewerpf@pinterest.com,Female,Ireland,Piltown,-6.3025448,53.6920618
917,Jameson,Rait,jraitpg@123-reg.co.uk,Male,Ireland,Moycullen,-9.159604,53.302644
918,Amos,McCaughey,amccaugheyph@reuters.com,Non-binary,Ireland,Fermoy,-9.5003786,52.4458588
919,Dillie,Gabel,dgabelpi@bloglovin.com,Male,Ireland,Claremorris,-8.334953,51.8610022
920,Tatiania,Bilston,tbilstonpj@patch.com,Female,Ireland,Dungloe,-6.3695384,53.3734053
921,Larina,Valintine,lvalintinepk@wikia.com,Female,Ireland,Ballymun,-6.264963,53.3897152
922,Ozzy,Yegorkin,oyegorkinpl@bizjournals.com,Male,Ireland,Foxrock,-6.1011147,53.2000455
923,Roth,Brasseur,rbrasseurpm@youtu.be,Male,Ireland,Aughrim,-6.366762,53.2987724
924,Janeva,Bowling,jbowlingpn@infoseek.co.jp,Female,Ireland,Tuam,-8.83565,53.49417
925,Carlen,Pellatt,cpellattpo@ifeng.com,Female,Ireland,Enniskerry,-8.9821467,52.8498651
926,Ethelda,Do,edopp@e-recht24.de,Female,Ireland,Drumcondra,-8.445614,51.8885086
927,Oberon,Kenward,okenwardpq@rakuten.co.jp,Male,Ireland,Cork,-8.489012,51.923707
928,Kele,Mugglestone,kmugglestonepr@booking.com,Male,Ireland,Tuam,-8.83565,53.49417
929,Mercedes,Warrener,mwarrenerps@boston.com,Female,Ireland,Moate,-6.1942058,53.3604483
930,Mathilda,O'Keevan,mokeevanpt@gmpg.org,Female,Ireland,Clogherhead,-6.2429997,53.7902634
931,Bert,Cattrell,bcattrellpu@geocities.com,Male,Ireland,Loughrea,-6.3506335,53.2911347
932,Leonardo,Norquay,lnorquaypv@smugmug.com,Male,Ireland,Trá Mhór,-9.0197835,53.2736466
933,Eleanore,Hinsche,ehinschepw@bbb.org,Female,Ireland,Glasnevin,-6.266734,53.3829319
934,Gaelan,Schottli,gschottlipx@time.com,Male,Ireland,Blessington,-8.5111664,51.8858819
935,Chicky,Midlar,cmidlarpy@free.fr,Female,Ireland,Blessington,-8.5111664,51.8858819
936,Clara,Dawkes,cdawkespz@umn.edu,Genderqueer,Ireland,Tullamore,-7.518792,53.284466
937,Brewer,MacGille,bmacgilleq0@weibo.com,Male,Ireland,Nenagh,-8.2001004,52.86326
938,Alicea,Nisby,anisbyq1@pinterest.com,Female,Ireland,Belmullet,-10.0320886,54.2223118
939,Maxim,Meijer,mmeijerq2@pbs.org,Male,Ireland,Macroom,-8.958931,51.904635
940,Lavinia,Francis,lfrancisq3@booking.com,Female,Ireland,Fermoy,-9.5003786,52.4458588
941,Astrix,Puddin,apuddinq4@dell.com,Genderqueer,Ireland,Dunlewy,-6.1157412,53.2774963
942,Kelcey,Perigo,kperigoq5@shareasale.com,Genderqueer,Ireland,Ballymahon,-7.7655701,53.5650926
943,Martynne,Daynter,mdaynterq6@jugem.jp,Female,Ireland,Dalkey,-6.1072403,53.2780047
944,Gus,Tibalt,gtibaltq7@smugmug.com,Male,Ireland,Granard,-7.5011999,53.776647
945,Ad,Clem,aclemq8@sfgate.com,Male,Ireland,Muff,-7.269174,55.0650892
946,Antone,Tedridge,atedridgeq9@photobucket.com,Male,Ireland,Farranacoush,-8.5171384,51.876873
947,Torrance,McMonies,tmcmoniesqa@loc.gov,Male,Ireland,Naas,-6.67045,53.213319
948,Farrah,Esgate,fesgateqb@pbs.org,Female,Ireland,Moville,-8.4242597,51.8910459
949,Bartolomeo,Gauvin,bgauvinqc@twitpic.com,Male,Ireland,Moville,-8.4242597,51.8910459
950,Blythe,Branney,bbranneyqd@techcrunch.com,Female,Ireland,Donnycarney,-6.218069,53.374266
951,Florance,McNay,fmcnayqe@desdev.cn,Female,Ireland,Carrigaline,-8.3929404,51.8113447
952,Huntley,Sleep,hsleepqf@va.gov,Male,Ireland,Balally,-6.5899765,52.176031
953,Myrna,Pottage,mpottageqg@mac.com,Bigender,Ireland,Booterstown,-6.1979853,53.3046353
954,Edwin,Tall,etallqh@acquirethisname.com,Male,Ireland,Caherconlish,-8.3545704,52.5593605
955,Wittie,Lye,wlyeqi@g.co,Male,Ireland,Portarlington,-7.185387,53.158984
956,Fan,Alman,falmanqj@businessinsider.com,Female,Ireland,Longford,-7.8004329,53.7283566
957,Burton,Kinkade,bkinkadeqk@nymag.com,Male,Ireland,Fermoy,-9.5003786,52.4458588
958,Stefanie,Carletti,scarlettiql@ning.com,Female,Ireland,Castleknock,-9.0248232,53.2760162
959,Rutger,Bairnsfather,rbairnsfatherqm@newsvine.com,Male,Ireland,Coolock,-6.1920933,53.3916434
960,Joana,Aleixo,jaleixoqn@w3.org,Female,Ireland,Dún Laoghaire,-6.133718,53.291512
961,Dedra,Bramelt,dbrameltqo@dyndns.org,Female,Ireland,Dundrum,-6.2508196,53.2866372
962,Patty,Golland,pgollandqp@163.com,Male,Ireland,Mallow,-8.642661,52.1361219
963,Holly-anne,Peagram,hpeagramqq@businessweek.com,Female,Ireland,Bantry,-9.448724,51.680591
964,Arlene,Mantrup,amantrupqr@tamu.edu,Female,Ireland,Edgeworthstown,-7.606287,53.6972399
965,Faith,Redhills,fredhillsqs@mysql.com,Female,Ireland,Gorey,-6.308522,52.665267
966,Candy,Coysh,ccoyshqt@nbcnews.com,Female,Ireland,Daingean,-7.1297243,52.2509369
967,Bettina,Gribbins,bgribbinsqu@ed.gov,Female,Ireland,Dalkey,-6.1072403,53.2780047
968,Roselle,Whitehead,rwhiteheadqv@alexa.com,Female,Ireland,Kilmacanoge,-6.139018,53.171935
969,Wenonah,Okie,wokieqw@icq.com,Polygender,Ireland,Claremorris,-8.334953,51.8610022
970,La verne,McCord,lmccordqx@google.com.au,Female,Ireland,Ballinteer,-6.2554371,53.2767301
971,Jeniece,Farenden,jfarendenqy@samsung.com,Female,Ireland,Athlone,-7.9428197,53.4231032
972,Mathilda,Swanne,mswanneqz@nbcnews.com,Female,Ireland,Killumney,-8.6340751,52.6638144
973,Ario,Da Costa,adacostar0@istockphoto.com,Male,Ireland,Longford,-7.8004329,53.7283566
974,Pandora,Compton,pcomptonr1@360.cn,Polygender,Ireland,Moville,-8.4242597,51.8910459
975,Ab,Stickells,astickellsr2@tiny.cc,Male,Ireland,Carrigaline,-8.3929404,51.8113447
976,Willi,Brisseau,wbrisseaur3@cdbaby.com,Female,Ireland,Athlone,-7.9428197,53.4231032
977,Stevena,Kirkman,skirkmanr4@fastcompany.com,Female,Ireland,Swords,-6.2071246,53.4562426
978,Veda,Corday,vcordayr5@cbsnews.com,Female,Ireland,Donnycarney,-6.218069,53.374266
979,Hobie,Ollenbuttel,hollenbuttelr6@behance.net,Male,Ireland,Mullagh,-8.4977746,51.8895954
980,Robinetta,Ortsmann,rortsmannr7@spotify.com,Female,Ireland,Ballyhaunis,-8.7683674,53.7942932
981,Homere,Ridesdale,hridesdaler8@jimdo.com,Male,Ireland,Macroom,-8.958931,51.904635
982,Phip,Horsefield,phorsefieldr9@reuters.com,Male,Ireland,Loughrea,-6.3506335,53.2911347
983,Henka,Vedekhov,hvedekhovra@indiatimes.com,Female,Ireland,Swinford,-8.9480659,53.940892
984,Sheelagh,Ludford,sludfordrb@yellowbook.com,Female,Ireland,Aughrim,-6.366762,53.2987724
985,Boy,Skews,bskewsrc@squarespace.com,Male,Ireland,Dún Laoghaire,-6.133718,53.291512
986,Abby,Booker,abookerrd@dagondesign.com,Male,Ireland,Muff,-7.269174,55.0650892
987,Olenolin,Chippin,ochippinre@icq.com,Male,Ireland,Manorhamilton,-8.1722002,54.3051891
988,Devonne,MacAless,dmacalessrf@odnoklassniki.ru,Non-binary,Ireland,Ballinteer,-6.2554371,53.2767301
989,Julius,Milam,jmilamrg@4shared.com,Male,Ireland,Ballyjamesduff,-7.086877,53.8363325
990,Alla,Iron,aironrh@meetup.com,Female,Ireland,Skerries,-6.1349155,53.5834008
991,Aylmar,Galletley,agalletleyri@miitbeian.gov.cn,Male,Ireland,Stradbally,-8.5054897,52.7107501
992,Shermy,Veness,svenessrj@weather.com,Male,Ireland,Dún Laoghaire,-6.133718,53.291512
993,Stevie,Willishire,swillishirerk@marketwatch.com,Male,Ireland,Castlerea,-8.6346959,53.7423435
994,Brittany,Velde,bvelderl@berkeley.edu,Female,Ireland,Youghal,-7.8434254,51.949401
995,Leo,Feveryear,lfeveryearrm@cisco.com,Male,Ireland,Nenagh,-8.2001004,52.86326
996,Hilly,Baccus,hbaccusrn@yelp.com,Male,Ireland,Old Kilcullen,-6.7449927,53.1310185
997,Bentley,Chasles,bchaslesro@technorati.com,Male,Ireland,Rathangan,-6.9898366,53.2265199
998,Tobye,Cicconetti,tcicconettirp@wordpress.org,Non-binary,Ireland,Ballylinan,-7.0472382,52.9480781
999,Ellerey,Kanzler,ekanzlerrq@csmonitor.com,Male,Ireland,Mallow,-8.642661,52.1361219
1000,Fidel,Okenden,fokendenrr@indiatimes.com,Male,Ireland,Sandyford,-6.3422325,53.719155
